:020000040800F2
:1000000088420024DD330008B99A0008C93300088B
:10001000C9330008C9330008C933000800000000D4
:10002000000000000000000000000000253400086F
:10003000C933000800000000AD350008E560000885
:100040001D3600081D3600081D3600081D36000844
:100050001D3600081D3600081D3600081D36000834
:100060001D3600081D3600081D3600081D36000824
:100070001D3600081D3600081D3600081D36000814
:100080001D3600081D3600081D3600081D36000804
:100090001D3600081D3600081D3600081D360008F4
:1000A0001D3600081D3600081D3600081D360008E4
:1000B0001D3600081D3600081D3600081D360008D4
:1000C0001D3600081D3600081D3600081D360008C4
:1000D0001D3600081D3600081D3600081D360008B4
:1000E0001D3600081D3600081D3600081D360008A4
:1000F0001D3600081D3600081D3600081D36000894
:100100001D3600081D3600081D3600081D36000883
:100110001D3600081D3600081D3600081D36000873
:100120001D3600081D3600081D3600081D36000863
:100130001D3600081D3600081D3600081D36000853
:100140001D3600081D3600081D3600081D36000843
:100150001D3600081D3600081D3600081D36000833
:100160001D3600081D3600081D3600081D36000823
:100170001D3600081D3600081D3600081D36000813
:100180001D3600081D3600081D3600081D36000803
:100190001D3600081D3600081D3600081D360008F3
:1001A0001D3600081D3600081D3600081D360008E3
:0401B0001D360008F0
:1001B8007BB972B90029BEBF00204FF0004106E0AC
:1001C80008BF00281CBF6FF000414FF0FF3000F05F
:1001D80057B8ADF1080C6DE904CE002909DB002BF6
:1001E8001ADB00F069F8DDF804E0DDE9022304B069
:1001F8007047404261EB4101002B1BDB00F05CF8CB
:10020800DDF804E0DDE9022304B0404261EB41017E
:10021800524263EB43037047524263EB430300F0DF
:100228004BF8DDF804E0DDE9022304B0404261EB5D
:1002380041017047524263EB430300F03DF8DDF89B
:1002480004E0DDE9022304B0524263EB4303704744
:1002580053B94AB9002908BF00281CBF4FF0FF3125
:100268004FF0FF3000F00CB8ADF1080C6DE904CE8A
:1002780000F022F8DDF804E0DDE9022304B070475D
:10028800704700BF10F8012B11F8013B012A28BF65
:100298009A42F7D0D01A7047034611F8012B03F899
:1002A800012B002AF9D17047034613F8012B002AC5
:1002B800FBD1181A013870472DE9F0478C468E4655
:1002C800089E154604461946002B40F0D08072451A
:1002D80047D9B2FA82F74FB1C7F120030EFA07FCEB
:1002E80020FA03F3BD4043EA0C0CBC404FEA154E1C
:1002F800A8B2BCFBFEF8230C0EFB18CC08FB00F9D7
:1003080043EA0C43994528D9EB1808F1FF3204D287
:10031800994502D9A8F102022B44A3EB0903A4B220
:10032800B3FBFEFC0EFB1C330CFB00F044EA034459
:10033800A04214D92C190CF1FF3304D2A04202D9DF
:10034800ACF102032C44241A43EA02401EB1FC40DB
:10035800002334607360BDE8F0874246DDE76346FA
:10036800F1E7002A79D0B2FA82F3002B3FD0194680
:10037800C1F1200302FA01F52EFA03F20EFA01FE8A
:1003880020FA03F343EA0E034FEA154E00FA01F48C
:10039800B2FBFEFCAFB20EFB1C201A0C0CFB07F8DC
:1003A80042EA004290455AD9AA180CF1FF3004D20B
:1003B800904502D9ACF102002A44A2EB08029BB294
:1003C800B2FBFEFC0EFB1C220CFB07F743EA0243C0
:1003D8009F4246D9EB180CF1FF3204D29F4202D952
:1003E800ACF102022B44DB1B42EA004202E0AEEB16
:1003F800020301224FEA154EAFB2B3FBFEFC200CFC
:100408000EFB1C330CFB07F840EA034398452AD936
:10041800EB180CF1FF3004D2984502D9ACF1020078
:100428002B44A3EB0803A4B2B3FBFEFC0EFB1C3366
:100438000CFB07F744EA0344A74216D92C190CF120
:10044800FF3304D2A74202D9ACF102032C44E41BC7
:1004580043EA00400F46114678E71F2188E76046C7
:10046800ABE76246BFE76046DBE76346EFE7734505
:1004780006D916B9002108466DE7C6E9000EF9E766
:10048800B3FA83F787B9734501D3824207D8841A30
:100498006EEB030301209C461EB900215BE738463A
:1004A800FAE7C6E9004CF8E7C7F1200CBB4022FA8E
:1004B8000CF51D4320FA0CF12EFA0CF30EFA07FE88
:1004C80041EA0E014FEA154900FA07F4B3FBF9F8BF
:1004D8001FFA85FE09FB18300B0C08FB0EFA43EADD
:1004E80000439A4502FA07F240D9EB1808F1FF30A9
:1004F80004D29A4502D9A8F102002B44A3EB0A03BF
:1005080089B2B3FBF9F809FB183308FB0EFE41EA80
:1005180003418E452CD9691808F1FF3304D28E4562
:1005280002D9A8F10203294443EA0040A0FB02983B
:10053800A1EB0E014145CE46434602D306D14C45B8
:1005480004D2B9EB020E68EB05030138002EA4D0E3
:10055800B4EB0E0261EB030101FA0CFC22FA07F37B
:100568004CEA0303F940C6E9003196E74046C5E77F
:100578004346D9E7000000002DE9F047044688B05B
:10058800884617460AF007FF0A220023FFF760FE95
:10059800B8F1010F06460D4607D102460B46204624
:1005A800274908F0FBFA002011E07F682548394602
:1005B800FFF768FE70B139462348FFF763FE48B17C
:1005C80020463A46214908F005FB6FF0040008B0C0
:1005D800BDE8F0873046294617A3D3E90023FFF783
:1005E800E7FD06460D4610461946194A0023FFF74F
:1005F800DFFD80460F46104619464EF6602200235E
:10060800FFF7D6FD82468946104619464FF47A729E
:100618000023FFF7CDFDCDE902A9CDE90623CDE9F9
:10062800040132462B460B492046CDE9008708F0E5
:10063800B5FAB8E7AFF30080005C260500000000BB
:10064800AACB0008BBCB0008BECB0008C7CB00086C
:1006580080EE3600DFCB000830B50446EFF3118595
:10066800102383F31288BFF36F8F044B0FCB84E8FA
:100678000F0085F31188BFF36F8F30BD8801002408
:1006880001281FB50C4605D004281DD06FF01500B1
:1006980004B010BD0AF07FFE42F210720023FFF78B
:1006A800D7FD104B5A43C4E90001A2606846FFF722
:1006B800D3FF6946204607F01FFF18B90A4B0FCB36
:1006C80084E80F000020E3E70AF065FE42F21072AA
:1006D8000023FFF7BDFD034B5A43C4E90001A260A4
:1006E800F0E700BFA086010030BF000801287FB5F1
:1006F8000D462CD18A68174B9A4228D80AF04BFE2F
:1007080042F210720023FFF7A3FD4042124B61EB47
:1007180041015343CDE900016846029300F0C4F853
:100728002946684607F0E8FEEFF31186102383F3A5
:100738001288BFF36F8F094D9DE80F0085E80F0001
:1007480086F31188BFF36F8F002004B070BD6FF07F
:100758001500FAE7FFC99A3B6079FEFF880100247B
:10076800014B1B68184700BF0000002430B5044641
:1007780085B00D461022002168460AF0EDFE0223DE
:100788002A4621468DF802306846034B019307F04C
:1007980017FA05B030BD00BF690700082DE9F84316
:1007A80040F26C73446905690646E117E41805F1DF
:1007B8000105C76841F10001022D07F1FF378CBF21
:1007C80000230123E41A61F1000100294EDA6FF4D5
:1007D800C7704FF4C8720023201861F10001FFF7B9
:1007E800E7FC254B4FF03C0E032D03FB004402466B
:1007F80034BF09206FF00200D6E90083B6680544CB
:100808004FEAE37C99469920634645430520C6FB99
:100818000E93A9FB0EC602350EFB0366A30840F231
:100828006D1E1CEB080C0EFB043346EBE8763B44CC
:100838006427B4FBF7F4B5FBF0F51B1B0F4C2B44F6
:10084800A2FB042004FB010198180D4A41F10003A2
:1008580080180C4A63F10003A0FB020102FB03119C
:1008680010EB0C0041EB0601BDE8F8834FF4C872A9
:1008780000232046B3E700BF70FEFFFFB13A020035
:100888009405F5FF8051010010B5FFF787FF00249C
:1008980002460B46034902F0CFFE44501046194663
:1008A80010BD00BF0C0000001F4B70B582689A4253
:1008B80015DD0133D0E9001692FBF3F301294FEA65
:1008C800E37476F100051CDAC91844EB0604C0E9A4
:1008D8000014164901FB03238360012070BD002A20
:1008E800FBDA9B1A124ED0E90041B3FBF6F300295C
:1008F80010DA01F100459C4275F100050ADA002082
:10090800ECE7CD439D426FF00045A5EB0605A541F8
:10091800DADAF4E7E41A06FB032261F100018260E7
:10092800C0E90041D9E700BFFFC99A3B003665C45A
:1009380000CA9A3B08B500F0B7F80A49012200231B
:10094800416109490361C0E900220A6007490A6058
:10095800074A1360074A1360074AC0E90233136065
:1009680008BD00BF98CD0008200000241C0000240A
:10097800700500246C050024680500242DE9F04763
:1009880081468846174600F08FF8C36804461BB9AD
:1009980043691A78002A3ED10023E36063684B4517
:1009A80058F8232008DB314B6361204600F060F8DB
:1009B8004FF0FF30BDE8F087511C616192F800A04C
:1009C800BAF12D0FEFD1951C656156782D2EA660D2
:1009D80004D1927872B901336360E4E756B9234DC4
:1009E8005146384665610AF0CFFD0028DDD05646ED
:1009F800C4F808A0314638460AF0C6FD3A2E00D0A1
:100A080070B92B7813B9636801336360204600F02E
:100A18002FF83F20CEE75D1C45611E788660E9E728
:100A280043783A2B0BD0002323612B7813B96368E2
:100A380001336360204600F01BF8A068BAE72B7802
:100A48000A4A33B9636801339945636004DD58F88D
:100A58002350C4E90452EAE7626120463D783A2D02
:100A6800D5D100F005F82846A4E700BF98CD0008C6
:100A78000168084A084B11604168084A116081689A
:100A8800074A1160074AC168116002691A6003F0D9
:100A9800C3B800BF20000024680500241C000024FF
:100AA800700500246C0500240048704704000024E9
:100AB800054B00205A6822F002025A605A6822F058
:100AC80001025A60704700BF0010005C08B5416819
:100AD80005480C3183681B681BB1984700EAE07031
:100AE80008BD6FF05700F9E7B8B70008192810B526
:100AF80002D90024204610BD044B53F8204020465C
:100B08000AF017FA0028F5D1F3E700BFF4C000088F
:100B180008B502F0C5FD02F095FD0C4B0C4A1A60B1
:100B28000C4AD36823F0070343F00203D3600A4B4F
:100B38001A6841F20303B3EB124F06D1074AD2F801
:100B4800083143F00103C2F8083108BD1C01002434
:100B58000090D003004802580010005C008000514B
:100B680010B5044605F08CFB03490246204608F000
:100B780015F8002010BD00BF55CB000837B5134647
:100B8800002205460A21019201AA586801F0D2FC08
:100B9800019C4CB920EAE0700A21A0FB01010AF08F
:100BA8003DFB204603B030BD22460349284608F0E5
:100BB80011F8019CF5E700BF81CB0008034A0449FE
:100BC80008B507F0EBFF002008BD00BF71CC000896
:100BD80078CC0008002307B50090694604488DF8D2
:100BE800043006F0BFFB9DF8040003B05DF804FB79
:100BF8005987000838B50446EFF31185102383F3AD
:100C08001288BFF36F8F05F01DFB024685F311882C
:100C1800BFF36F8F0649204607F0C0FF20460549FD
:100C280007F0BCFF2146044806F0B6FB002038BD9B
:100C3800BACC0008D9CC0008450C000870B58EB0B5
:100C480004460D46D0F8A0600AF00EFA224A034680
:100C580002F0F2FC1158214A2148002B18BF1A460D
:100C6800234600921F4A8C4218BF024628461E4956
:100C780007F094FF28461D49D4E90A23CDE900234B
:100C880094F90E30A28907F089FF06A92022204690
:100C980005F0E2FEA36E02461549284607F07EFFDE
:100CA80005A920460AF0EEF9024628B1114928465E
:100CB80007F074FF0EB070BD059B64222846F11A38
:100CC8004A4300910C49B2FBF6F2CDE90162324683
:100CD80007F064FFEEE700BF08000000E3CC00085F
:100CE8004ED7000816EE0008E6CC0008F2CC000843
:100CF8001ECD000835CD000862CD000830B591B092
:100D080004462022002108AD28460AF025FC1A22B4
:100D1800202128460AF020FC2146104806F03CFB1A
:100D280007AA4FF400610E480AF0A0F9079A642355
:100D38002046C2F5006100954B43DB0A05934FF44A
:100D48000063CDE90313CDE9013206490023044AC3
:100D580007F024FF002011B030BD00BF710D00085E
:100D680048350024B3CD000870B5044688B00D4658
:100D7800D0F8A06007A90AF085F9024628B10F4902
:100D8800284607F00BFF08B070BD20460AF06CF942
:100D9800079B64220096F11A4A43B2FBF6F2CDE9AA
:100DA8000131074B0749002818BF03462846CDE9FB
:100DB8000362224607F0F2FEE5E700BF35CD0008E2
:100DC800E3CC0008FCCD000838B5134605461022D0
:100DD8000021586806F002FE0446FFF7FBFE38B90A
:100DE80022460E49284607F0F5FE6FF0150038BD7B
:100DF8000B4B02F021FC1B589C4204D109492846A0
:100E080007F0E8FEF1E7204605F0E4FF2846224611
:100E1800054907F0C3FE0020E9E700BF60CE0008DF
:100E2800080000007BCE0008A3CE000838B51346A2
:100E3800054610220021586806F0D0FD0446FFF749
:100E4800C9FE38B922460E49284607F0C3FE6FF09E
:100E5800150038BD0B4B02F0EFFB1B589C4204D128
:100E68000949284607F0B6FEF1E720460AF059F985
:100E780028462246054907F091FE0020E9E700BF11
:100E880060CE000808000000E2CE000808CF000885
:100E980038B51346054610220021586806F09EFD15
:100EA8000446FFF797FE38B922460E49284607F050
:100EB80091FE6FF0150038BD0B4B02F0BDFB1B58BF
:100EC8009C4204D10949284607F084FEF1E72046F0
:100ED80002F052FB28462246054907F05FFE002033
:100EE800E9E700BF60CE00080800000043CF000813
:100EF80068CF000810B50C46002108F00BF900B1C6
:100F080000680023024A2060E360C4E9012310BDA1
:100F180088D0000810B50C46002108F0FFF800B191
:100F280000680023024A2060E360C4E9012310BD81
:100F380088D0000870B505465068144608F0FDF8DA
:100F4800064640B962686FF012040F49284607F058
:100F580041FE204670BD09F0ECFF30B162680B49D4
:100F68002846002407F00CFEF3E7304609F0D8FFC6
:100F78006268044628B103460549284607F02AFE58
:100F8800E7E70449ECE700BFA0CF0008B5CF0008A9
:100F9800D7CF000804D000082DE9F04F8FB00446E1
:100FA8008846914601A805F03FFB019F2D4A08217C
:100FB80007EB4017204607F0D6FD019EBE4203D33B
:100FC80000200FB0BDE8F08F35680DB12B7833B92C
:100FD80002AD3346244A302102A806F03DFCB8F1A0
:100FE800020F07D1D9F8041028460AF00BFB08B9FC
:100FF8002036E3E72B461D4A0821204607F0B3FDBB
:10100800304609F096FF1A4A1A4B0821002808BFF3
:101018001346194A204607F0A6FDF369002BE7D0CE
:101028001D68002DE4D02B68002BE1D0AB464FF0B3
:10103800000A124A0821204607F095FD2B685345FF
:1010480005D80F4A0821204607F08DFDD0E75BF848
:10105800043F08210B4A20460AF1010A07F083FDE4
:10106800ECE700BF37D0000841D0000846D00008A0
:101078002ED0000828D00008AECF00084BD00008BA
:1010880097CD000847D00008F7B5137806460F46F5
:1010980015463A2B14D1541C23783A2B28D1013405
:1010A8000A2201A9204606F025FC019A0346386069
:1010B800A24217D01078A8B93C2B15D915490EE0D3
:1010C8000A2201A9284606F015FC019CB860AC422A
:1010D80008D023783A2B05D1172807D90E4930466E
:1010E80007F078FD6FF0150003B0F0BD0134D3E7C9
:1010F8000A2201A9204606F0FDFB019B7860A34265
:10110800F0D01A783A2AEDD13B2801D90349E6E70D
:101118005C1CC5E7F0D00008D2D00008E0D0000879
:101128002DE9F04194B00D460446012006A9174662
:10113800FFF7A6FA0BA906A806F0E0FA032D55D189
:101148007D680A2205A9284606F0D4FB059E80463C
:10115800B54215D032782D2A12D101360A2205A9B6
:10116800304606F0C7FB059B9E4209D01A782D2A07
:1011780006D1451E0B2D0CD92E49204607F02AFD15
:10118800204607F05CFD6FF01505284614B0BDE851
:10119800F0815E1C0A2205A9304606F0ABFB059BD0
:1011A8009E42EDD01B78002BEAD1431E1E2B01D99D
:1011B8002149E2E7A8F26C73BA680E90CDE90F53A3
:1011C8000BA92046FFF760FF0028D9D10BA8FFF72D
:1011D8005BFBB1F1FF3F08BFB0F1FF3FCDE906016E
:1011E80008D11649204607F0F5FCCCE7022DC7D1F7
:1011F8007A68E5E700230893012006A9FFF776FA45
:10120800054628B102460E49204607F0E3FCBAE736
:101218000B9B2046109A03930C9B02F26C720949AF
:1012280002930D9B01930E9B00930F9B013307F0D4
:10123800B5FCAAE700D100080FD100081CD10008AE
:1012480045D100085CD1000810B592B004460120D1
:1012580004A9FFF715FA09A904A806F04FFA099B93
:101268000E9A204603930A9B02F26C720649029377
:101278000B9B01930C9B00930D9B013307F08EFC95
:10128800002012B010BD00BF5CD100082DE9F0416C
:1012980014468846074610220021606806F09EFB27
:1012A800B8F1020F06461CD90A220021A06806F0F0
:1012B80095FBC5B22A461F49384607F06FFCB8F1BE
:1012C800030F1DD8102D0ED0202D0FD0082D0FD1B3
:1012D8003278D2B200231849384607F05FFC002064
:1012E8000CE02025E6E7328892B2F3E73268F1E7AE
:1012F8003846124907F052FC6FF01500BDE8F0813E
:101308001022E068002106F0CFFB0B460246044697
:101318000B49384607F042FC102D06D0202D07D087
:10132800082DE5D1E4B23470D9E7A4B23480D6E709
:101338003460D4E7ABD10008D6D10008C0D100088A
:10134800E9D100082DE9F047002386B04FF0FF35BA
:10135800914601930122524B20262C460746884687
:101368001A60FFF7E7FA4F4A49464046FFF706FB7F
:10137800431C06D1691C41D14B49384607F02AFC69
:1013880017E073281AD0772828D0612811D1DFF800
:101398001CA101AA1021DAF8000001F0CBF8019B8A
:1013A8000546002BDFD0DAF800204149384607F01F
:1013B80011FC6FF0150006B0BDE8F087DFF8ECA06F
:1013C80001AA0021DAF8000001F0B4F8019B0446F4
:1013D800002BC8D0DAF800203649E7E7DFF8CCA0C0
:1013E80001AA0021DAF8000001F0A4F8019B0646E2
:1013F800002BB8D0DAF800202F49D7E7621C01D1BA
:101408002E49BAE75FFA86F8C6F3C406A8F10803BE
:10141800DBB2182B04D82A4A22FA03F3DB0724D4B8
:1014280042462849384607F0B9FBC2E7B8F1100F21
:1014380022D0B8F1200F25D0B8F1080F01D10A78D1
:101448001A70314433444218102AEFD9102CA1469F
:10145800294605F1100528BF4FF0100902AA3846A1
:10146800A4EB09044B4600F05FFFB4B1A642EDD8E7
:1014780002AB2946701BE6E70A8892B21A70120A74
:101488005A70DEE70A68C2F3072C1A70120C83F848
:1014980001C09A70120ADA70D3E720468BE700BFC2
:1014A8001C00002439D2000840D200086805002436
:1014B800FFD1000812D2000825D200085DD200082A
:1014C8000101000177D2000870B50E4E04460D46A2
:1014D800337829B123B10C49BDE8704007F07ABBD5
:1014E80083F0010333702BB10849204607F056FBFF
:1014F80001233370294620460022BDE8704007F0DA
:10150800B8BB00BF1C2A002491D20008CCD2000826
:101518002DE9F04105460C468F18DFF8EC803B4E6C
:10152800A74201D1BDE8F08198F8002014F8013BEA
:10153800182A22D1112B20D1354C002635492846AE
:10154800226888F8006007F029FB28463146FFF733
:10155800BBFF314B18780028E4D1304A2368116862
:10156800042B2EDC08B12360116013F003012FD186
:10157800126813681BBA1360D4E7A3F1300288F825
:101588000030092A04D923F02002413A052A04D858
:101598003168234A5354013131603368022BBFD17B
:1015A800102200211E4806F019FA1E4A136803F893
:1015B800010B1360164A136801331360002333606C
:1015C800AEE70868043B00BA41F8040B0120C7E7FE
:1015D8005B4203F0030358BF5942022904D1126841
:1015E80013885BBA9BB2C6E703299BD110680268CF
:1015F8001104C2F3074302F47F4201F47F010B4355
:10160800134303608EE700BF1D2A0024240600242C
:1016180028060024F6D200081E2A00242C060024DE
:101628001F2A0024300600242DE9F84300230D4624
:1016380026498046264E17460B60264933700B60B4
:10164800012DB94657F8044F1DD9022222492046D8
:1016580009F0A7FF70B9A378003B18BF01231C4409
:1016680002221E49204609F09CFF28B90123337045
:10167800013DE5E70023F2E717492046FEF702FEA1
:10168800C0B909F104090022D9F80400114606F08E
:10169800A5F90022124B11461860D9F8040006F08B
:1016A8009DF9104B104918604046FFF70DFF0020C8
:1016B800BDE8F88323782D2BE5D16378002BE2D0A1
:1016C80022460A49404607F069FAD1E72406002471
:1016D8001E2A00242806002410D3000813D300086B
:1016E800300600242C0600241915000816D300081B
:1016F80013B5094809F01DFC50B1002401233A2212
:1017080005490648009400F063FE204602B010BD6B
:101718006FF01200FAE700BF78B900088CBD000826
:1017280010B54468A360C4E900124268402113461A
:1017380053F8404B516302F1380153620023C2E968
:10174800041308211363C2F8B8301162C2E90A33DE
:10175800C2E90633A36823B19B6C13B10449204640
:101768009847A3689B6A0BB120469847002010BD94
:101778001F88000810B581680446183101F066F921
:10178800A1682046024A1831BDE8104001F0FEB8B1
:1017980091D4000838B583680446D3F88032DB0555
:1017A8001AD4406803685B689847054620B9E06822
:1017B80008F0AAF8A3681D75A3685B6C13B12946E5
:1017C80020469847A368002201F036FFC3F8A422F8
:1017D800034B185801F0D0FE6FF00F05ECE700BF7F
:1017E80008000000014907F0C8B800BF97CD0008FD
:1017F8002DE9F04FA7B004465422002111A809F0A2
:10180800ABFE00232046CDE90533A3685C33029381
:1018180007F0ADFD204607F0F1FC10B96069FFF74D
:10182800E1FFA06814220021002618304FF0FF388D
:1018380009F092FE204607F02EFCA168E068B24647
:10184800B1F8542011AF5C31B3463546B14608F0C3
:1018580020F8204608F081F80396DDE90532012AD0
:101868006BD0132B6CD8B8F1000F2AD1BBF1000F45
:101878000AD0204608F092F8A268142311A95C3215
:101888000DEB030007F0A7FAB9F1000F0CD099F897
:101898001130FE2B08D1059B26AA02EB830252F8D1
:1018A800542C0AB101330593A068436A002B40F019
:1018B800B580C6B1C369B3422BD000F118050D96A7
:1018C80022E00223029A394606A807F084FA7A68C9
:1018D80006990346029231B101290AD148B16A4AF0
:1018E800204607F0F2FD6FF00705284627B0BDE84F
:1018F800F08F059B002B32D0386801F0D7F898B1EB
:1019080066B1A5680D9618350CAE0FCE0FC53368B5
:101918002B6020460125FFF72DFFE6E75B4A0121F2
:10192800204607F0D2FDDEE7059BC3B13A68294699
:10193800204601F057FA022809D1059B132B95D9A7
:10194800069B022B92D1524B0121524AC8E7032829
:1019580005D0059B4FF0010B013305937DE7039BF1
:101968002BB907AA3968484607F00BFB0546043728
:1019780008F1FF38A5B3EB68BBF1000F08D0FBB145
:10198800204607F0F4FC204607F04FFC424AC6E721
:10199800B3B1A368AE46DDF814A003F1180CBEE895
:1019A8000F00ACE80F00DEF80030CCF80030AB6870
:1019B80033B96B7CFE2B04BF95F8108008F1FF3813
:1019C800D5F804C0BCF1000F08D0AE460CAEBEE896
:1019D8000F000FC6DEF8003033606646A94603E004
:1019E800059B63B101230393B8F1000F03D1069B54
:1019F800022B7FF432AF059B013305932DE7A368D3
:101A0800DB6A13B1DB68002BECD1244B0121244A9B
:101A180020460093119B07F058FDE3E7059D90F8D9
:101A28002830A5EB0A05BBB190F829104FF6FF72D4
:101A3800FF2918BF0A469D4202D313449D420BD981
:101A480083690121174A204607F03FFD20466FF0C1
:101A58001505FFF78FFE48E7012106F0ADFFA068E6
:101A680006F09EFFA36811AA29465B6A204602EB8E
:101A78008A0298470546A06806F096FF0021A068EC
:101A880006F09AFF31E700BF9FD40008B3D40008DE
:101A980014D500086DE90008D1D4000800D5000865
:101AA80007D8000838D50008F7B5044680680D4601
:101AB800817D002949D1D0F880325A0504D506F035
:101AC80086FFE06807F0B7FEE368DB6873B9002DAE
:101AD8003BD0A66806F15C07384606F05BFF002895
:101AE80035D0394606F5AE70FEF7D6FBA2680DF183
:101AF80006032946E0685C3207F0A0FE58B9A068E2
:101B080000F5AE715C30FEF7C7FBA0685C3006F0EC
:101B180041FFADF80600204607F022FCA368D3F881
:101B28007C329B0603D50B49606906F026FF2046E8
:101B380000F066FDA268BDF806302046A2F85630CF
:101B4800A268A2F8543007F070FB03B0F0BD86F825
:101B58005C01CBE758BF000810B502228368044631
:101B68001A7583689B6CBBB906F0DEFE8368D3F8F0
:101B78008032DB040BD50321084B094A07F0A5FC8A
:101B8800A0686FF4805100F5207006F0E7FE20464B
:101B9800BDE8104000F0B8BE10BD00BF53D5000826
:101BA80048D000082DE9F04F0023B1B0044609934E
:101BB800A36860689E6C026815691EB3DF6C10220A
:101BC80009AB1BA9A847099BCBB10121A06806F066
:101BD800F3FEA06806F0E4FE3B46099A1BA92046DE
:101BE800B047A06806F0E0FE0021A06806F0E4FE19
:101BF800A3689B6C002BDBD12046FFF7ADFF31B00B
:101C0800BDE8F08F09AB01220DF12301A847099B1C
:101C1800002BF4D09DF923109DF823300029A268E9
:101C2800C6DB517D032900F20C83DFE811F00400C4
:101C3800800297020A030D2B43D00A2B41D0B2F839
:101C48008012092B21F0FF01A2F880126DD028D84C
:101C5800002B00F00281082B00F0EC81A268D2F87A
:101C68007C12890740F1F980013B162B00F2F580C0
:101C7800DFE813F0C402FF010302FB01BE021C02ED
:101C8800F300F300F300F30020022402F30039020A
:101C9800F3003E02F300F300F300F3004002F30008
:101CA80055021B2B3DD07F2B00F0D181A3F12002E0
:101CB8005E2AD3D80121A06806F089FE9DF823107A
:101CC800BBE0D2F88012C9B221B1D2F88012C9B2F1
:101CD8008B42C3D1B2F8801263F30701A2F88012D5
:101CE800A568AB7D012B06D16069FFF77BFDA36872
:101CF80002229A7583E7B5F8541061B9284606F0B0
:101D080066FEE06807F097FD6069FFF76BFD204607
:101D1800FFF722FF4CE72046FFF76AFDC5F8A80247
:101D2800F5E7A36801225A7597E0A068D0F87C32DD
:101D38009B0740F19280012106F049FEA068857D4D
:101D4800002D40F08A80B0F85430FF2B00F08580D9
:101D5800B0F8562000F15C0100F5AE7009F0D5FB33
:101D6800A3681BA90BA8B3F85620134483F85C5149
:101D78001423A26802F5AE7207F02DF80B99142906
:101D88006BD830AB03EB810343F8545CA368B3F81A
:101D98005620002A00F05782134493F85B30202B1A
:101DA80000F0558221B1093B042B4BD9012948D1B8
:101DB80000250A9530AA0A9B002602EB8303B34646
:101DC800374653F854ACB046504606F0E3FD81461A
:101DD80016AA4146284600F073FB0346002840D166
:101DE800012E67D130AA0A9B02EB830353F8540CE7
:101DF80006F0D0FDA268064639461832284600F09B
:101E08005FFB0568284606F0C5FD864205D0821BA3
:101E1800A919204692B207F09FFBA068B0F8563087
:101E2800034493F85C30202B33D0093B042B30D982
:101E3800D0F87C32DF0731D42021204600F02CFD79
:101E48000BE0013900200CAB1BAA00930AAB0190F0
:101E580007F0C3F805460028ACD1606906F014FF06
:101E6800A6E61B684A4651461846039309F099FBB3
:101E780060B9039B1846FEF717FA584538BF58460D
:101E8800002E08BF474601361FFA80FB08F10108FB
:101E98009EE70121204607F0FCF9DEE7002106F065
:101EA800A1FD2021204600F0F7FC0121A06806F0E2
:101EB80099FDD2E70490D0D930AB0A9AB94603EB22
:101EC800820252F8543C1846039306F063FD049BC3
:101ED800A2680690A2F840300496A26849462846AF
:101EE80009F10109183200F0EBFA039BD0F800A0C1
:101EF800D4F80880002B38D0BAF1000F38D0069AF1
:101F08001946504609F04DFB0028E6D1BD4806F0B9
:101F180041FDB8F83A2000EB0B01121A504689B27D
:101F280092FBF1F292B20591079206F033FD059902
:101F3800079A091A8BB2B8F84010481C0593A8F8FC
:101F48004000B1FBF2F002FB101189B200295ED10A
:101F5800AC4B0621AC4A2046CDF800A007F0B5FAF4
:101F68000599204600F036FB05E0BAF1000FCDD107
:101F78000023A8F84030049B013B0493ADD160696D
:101F880007F10109FFF72EFC204600F0BDFC30AA3E
:101F98000A9B02EB830353F8540C06F0FBFC39460A
:101FA80011AA8046284600F08BFA0746A068FF224F
:101FB800396800F5AE7009F006FB3B684FF6FF770D
:101FC8000393BA4616AA4946284609F1010B00F0C0
:101FD80077FA18B3A1680022036801F25B1111F8BF
:101FE80001EF985C704503D110B101325245F6D12A
:101FF800B8F1000F01D0424507DBBA4206F1FF36BF
:10200800A8BF3A46012E97B208D0D946DAE7534618
:102018007E4A0621204607F058FAA1E7002F3FF430
:102028001CAFA7EB08020399204692B2414407F07F
:1020380093FA12E7A068D0F87C329E077FF50DAFBF
:10204800012106F0C4FC204607F0A7FA05E7A068BE
:10205800D0F87C329D077FF500AF012106F0B7FC70
:10206800A368D3F87C321807EDD4204607F076FA37
:10207800F3E6204607F084F9EFE6204607F077F903
:10208800204607F0BBF810B96069FFF7ABFB0121E8
:10209800A06806F09CFCA3689A7D012A02D103225D
:1020A8009A75DAE62046FFF757FDD6E6204607F090
:1020B80070F9D2E6204607F077F9CEE6D2F87C32FE
:1020C8009F0603D55249606906F057FCA368D3F808
:1020D8007C329E0603D54F49606906F04EFC2046C7
:1020E80000F012FCB9E600212046FFF7DDFCB4E65B
:1020F8000121F9E7204607F033F9204606F014FCE1
:102108000121A06806F063FCA368D3F87C329D0621
:102118007FF5A3AE4049606906F02FFC9DE6204696
:1021280000F0E8FA0121A06806F051FC95E65B2B67
:1021380002D10223537590E6D2F87C22900706D587
:10214800622B07D14FF0FF31204607F0CAF8A36889
:102158000022E8E5662BFAD10121F5E70021517547
:10216800A268D2F87C1289077FF522AD313B1B2B80
:102178003FF673AE01A151F823F000BF0122000819
:102188002522000839220008F5210008631E0008EE
:10219800631E0008631E0008631E0008631E000813
:1021A800631E0008631E0008631E0008631E000803
:1021B800631E0008631E0008631E0008F92000085B
:1021C800EF200008B52000087B200008631E0008E7
:1021D800F9210008631E000805220008631E000894
:1021E800631E0008631E0008292200080323537594
:1021F800204607F0BCF830E603235375204607F065
:10220800AFF82AE64DD7000897D5000848D000084F
:102218005DBF000862BF000858BF0008032353755C
:10222800A068D0F87C1201F0010181F001013EE6BE
:1022380003235375A368D3F87C329B077FF50DAE53
:1022480013E7002376E700297FF4B0ADB0E5002955
:102258007FF4F8ADACE500BFF7B5044680681546D5
:1022680000F52070002932D04FF4804106F067FB5A
:10227800A36800211D65606803689B68984758BB80
:10228800204606F006FC38BB4FF0FF364FF0FF370C
:10229800A06800F5217000220721CDE9006709F048
:1022A80031F9A06806F080FB0C4A0421204606F0AC
:1022B800A8FB20460A4A012106F0A3FB60680368D0
:1022C8005B6903B19847A06806F06AFBE0E76FF422
:1022D800804106F043FBCBE703B0F0BD9D17000833
:1022E800698A000810B504460A4906F057FC0A49ED
:1022F800204606F053FC2046084906F04FFC2046CD
:10230800074906F04BFC2046064A002100F03EFB38
:10231800002010BD9DD50008DBD500083AD600087E
:102328008ED6000829D70008F8B5002516460A46B3
:10233800204904461F4606F031FCAF420ED9725DB3
:1023480020461D4906F02AFC0135102D0BD06A07DE
:10235800F3D11A49204606F021FCEEE71849204639
:1023680006F01CFCF0E700251649204606F016FC8E
:10237800BD4213D2725D20461349A2F120035F2BA0
:1023880028BF2E2206F00AFC0135102D0BD06B0752
:10239800EED10A49204606F001FCE9E70749204644
:1023A80006F0FCFBF0E720460849BDE8F84006F0D7
:1023B800F5BB00BF3FD7000846D700084ED7000836
:1023C8004CD7000850D7000872D7000852D7000829
:1023D8002DE9F0410446806888B08846D0F8A462A8
:1023E80015461F46002E50D14FF42B72314609F086
:1023F800B3F8A06800F5217009F077F8A06800F537
:102408002570012266F38205114608F01BFEA369B8
:102418004FF400711E60A06800F5207006F08FFA76
:10242800A368502220465A871822A3681A87216871
:1024380006F0DEFBA368164A4146C3F87C52606882
:1024480003681D682346A8470546D0B9A36801223A
:102458001A75D4E909010022002304950094CDE9F6
:1024680006230E234FF4006203930E9BCDE90173FC
:10247800084B04F099FBA368C3F8A402216A04F08E
:10248800DBFA284608B0BDE8F0816FF07705F8E779
:10249800558A00086122000810B5044613460A460A
:1024A8000146064801F016F923691B7923B1204635
:1024B800BDE8104006F0E8BB10BD00BFA98C0008BD
:1024C80038B50B46154648B91449154A521AB3EBA4
:1024D800920F05D251F82350284638BD84680CB9AC
:1024E8000025F9E70F4A94420AD30F4A944207D2CB
:1024F80018462268294690472B68002BECD1EFE755
:102508000A4A944202D30A4A944205D32468142200
:102518005343E518E358F0E70133F8E7B8BD00087E
:10252800ECBD0008F0BE00082CBF0008ECBD000898
:10253800F0BE0008F7B50378044615462D2B05D1E3
:102548006FF0150300202B6003B0F0BD00230C4F83
:1025580001F072F80646C3510A46204601A905F063
:102568003DFAF359222B02D16FF02103EAE7002B41
:10257800E6D1019BA342E3D01B78002BE4D0DFE730
:102588000C0000008368D3F87C329B0603D502490F
:10259800406906F014BE704768BF0008014906F09C
:1025A8000EBE00BF97CD00080A1E0DDC0ED04223D8
:1025B8008168D1F87C12890608D5002A0449406947
:1025C800B8BF524206F0FBBD4123F1E7704700BF98
:1025D8006ED700080A1E0DDC0ED044238168D1F89E
:1025E8007C12890608D5002A04494069B8BF5242BE
:1025F80006F0E5BD4323F1E7704700BF6ED700083A
:102608002DE9F0478468054604F15C00FDF74CFEAF
:10261800002287B294F83C809146668FA6EB0806A4
:10262800BE4209DB002F21DD5C3268691049224473
:10263800BDE8F04706F0C3BD16445C320D4934448A
:1026480094F85CA084F85C90AB6868691A4406F05A
:10265800B6FDAB683246334483F85CA0AC68638F40
:10266800A3EB08034FF00008FF1AD6E7BDE8F08790
:1026780048D000086DE9000808290A4617D8836879
:1026880093F83E10914212D083F83E20082A8368BE
:10269800D3F87C3205D0990609D50549406906F07A
:1026A8008EBD9B0603D50349406906F088BD704777
:1026B80075D700086DBF000838B50D46097804467F
:1026C800FFF7DAFF6A78072A11D8A36893F83F1052
:1026D80091420CD083F83F20A368D3F87C329B0644
:1026E80005D560690249BDE8384006F068BD38BDC7
:1026F8007ED70008F8B583680446B3F85420002A4A
:1027080055D0B3F85610002951D05B3103F15C0560
:102718000B441846A84206D3014611F80169202E39
:102728003CD0A8423CD286B2471C9DB2AB1B9BB2A0
:10273800591CD21A0144384608F0F5FEA268711BEC
:102748002046B2F8543013FA81F309B2A2F8543093
:10275800A368B3F854201344002283F85C2006F0E1
:1027680098FDA368D3F87C329A0603D510496069AE
:1027780006F025FD3B460F4A0821204606F0A5FE37
:102788002046FFF7FFFEA368D3F87C329B060ED5E0
:1027980060690949BDE8F84006F011BD0846B9E787
:1027A800014611F80169202EBDD00846B9E7F8BDE9
:1027B80072BF000848D0000876BF00082DE9F0472E
:1027C80004460F4690460AB1FFF7DCFEA668D6F825
:1027D8007C32B6F856505B0723D505F15C003044CF
:1027E800FDF762FD0546B5B9A368B3F85420A3F810
:1027F8005620A06806F0F0FC30B1B8F1000F00D008
:1028080017B16069FFF7CAFE7942204609B2BDE8F0
:10281800F04706F03EBD1D49013D606906F0CFFC5A
:10282800E1E73046AA46FDF73FFDB6F85490738FAE
:1028380019FA80F915FA80F0B0FBF3F2B9FBF3F35B
:102848009A421AD04845A368CEDA5A8F451CB0FB85
:10285800F2F302FB130313B96069FFF79FFEA36845
:102868000AF1010620460A4A53440821B24693F861
:102878005C3006F02AFE2846E4E75C35054A082164
:102888002046731906F021FEAEE700BF16EE0008D9
:1028980072D7000848D0000813B5836804468DF83D
:1028A8000710D3F87C22D00725D5B3F85610B3F813
:1028B80054208A421FD0481C9DF80720A3F85600D0
:1028C8000B4483F85C20A368D3F87C12890710D5E1
:1028D800D3F87C32606913F0040F0A4918BF2A2222
:1028E80006F06DFC204606F089FC10B16069FFF720
:1028F80055FE02B010BD01220DF10701204606F079
:10290800F1FDF6E772D7000810B5836804469A7D92
:102918001AB9094A022106F0D8FDA368D3F87C3217
:102928009B0707D52046FFF76BFE2046BDE8104001
:1029380006F08ABC10BD00BF48D00008014906F067
:1029480066BE00BF97CD0008F8B50F46516805462A
:1029580016461C4611B11A4606F066FEB3688BB1DE
:1029680021462846FFF736FE074A08213B462846F7
:1029780006F0ABFDB168E21D21B12846BDE8F8407C
:1029880006F052BEF8BD00BF87D700082DE9F04316
:102998000E46002189B0044617460D4603AA304664
:1029A80001F10108FFF78CFD88B96DB127B13A46EE
:1029B8000821204606F089FD002103AA304601F1CE
:1029C8000108FFF77DFD60B909B0BDE8F083006834
:1029D80010B1FDF769FC80B28542414638BF054613
:1029E800DCE7D0F80090B9F1000F0FD099F800306B
:1029F80063B147680821124B2046124ACDE90059B5
:102A080006F063FD27B96069FFF798FF4146D4E7F0
:102A18000B4B20460C4A082106F057FD384606F0B5
:102A2800E4FDAB1D9BB228B13A4649462046FFF764
:102A38008BFFEBE71A463946204606F0F5FDE5E739
:102A48001CEE000892D7000899D70008F7B50F6860
:102A580005460E46D7B13846FDF726FC84B2114B21
:102A680008212846104A00933B4606F02EFD71685F
:102A7800084606F0BAFDE31C9BB248B10A46284650
:102A8800316803B0BDE8F040FFF75EBF3C46E6E7BB
:102A980031B11A46284603B0BDE8F04006F0C4BD7F
:102AA80003B0F0BD18EE000898D5000810B5074926
:102AB8000446FDF7E7FB38B105492046FDF7E2FB80
:102AC800B0FA80F0400910BD0120FCE79ED700084D
:102AD800A1D7000810B583680446D3F87C329B065A
:102AE80003D50649406906F00BFEA3685022002072
:102AF8005A871822A3681A8710BD00BF7ABF00083A
:102B080008B5836902491A6806F048F8002008BD2C
:102B1800A8D70008F7B50D4905460D4C06F03EF854
:102B28000C4E0022B44202F1010702D3002003B088
:102B3800F0BD236A92B20849284600932C3454F811
:102B4800243C06F02BF83A46ECE700BFB8D700085B
:102B58008CBD0008B8BD0008D0D70008024908B5E8
:102B680006F046F8002008BD98CD000837B50446A1
:102B78000025A2680DF106030121E06802F5AE7296
:102B880006F05CFEBDF80600A36840B12A4603F5CE
:102B9800AE7305492046013506F000F8E9E783F8E9
:102BA8005C0103B030BD00BFE1D7000810B5044692
:102BB80006F057F803490246204605F0EFFF0020CB
:102BC80010BD00BF0CD30008022907B50BD153680C
:102BD8000C4900930C4B126805F0FCFF6FF01500D0
:102BE80003B05DF804FB8368084AD3F87C320849CF
:102BF80013F0020F074B18BF1A4605F0CFFF00204D
:102C0800EEE700BF04D80008EFD70008EBD70008AC
:102C18000DD8000890CC000810B583680446D3F896
:102C28007C329A0603D50749406906F069FDA36816
:102C3800D3F87C329B0603D50349606906F060FD32
:102C4800002010BD81BF000886BF00080129F0B52B
:102C5800044685B00BD053686FF015055B490093A7
:102C68005B4B126805F0B6FF284605B0F0BD8368D7
:102C7800D3F87C329A0603D55649406906F040FDE0
:102C88006FF0F9012046FFF78FFCFA212046002556
:102C9800FFF7A0FCA0684FF48072294600F5AE70DB
:102CA8008DF80B504FF47A7608F056FC4A49606963
:102CB80006F026FD606905F0E7FF606801220DF166
:102CC8000B0103681F6903ABB847039B53B9013E67
:102CD8004FF47A7008F0FDF8B6B2002EEDD16FF01F
:102CE800850534E09DF80B20A3681B2A60D093F873
:102CF8005C111B29E1D1522A5AD15A19002382F8B2
:102D08005C31A66896F85D215B2A38D106F25D151C
:102D1800022015F8011F024601303B2980B231D14B
:102D2800FF2ADCD002F5AE7216FA82F1002211F801
:102D3800015F002D30D1FA2A86F85C51A16828BFBE
:102D4800FA22FA2B4A8728BFFA23A2681387A368B6
:102D5800D3F87C329B0603D52049606906F0D0FC85
:102D6800002D81D0A36850221D4920465A87182279
:102D7800A3686FF007051A8705F01EFF74E786F849
:102D88005C31ACE703EB83033039B0F5807F01EBAE
:102D980043018BB2BDD1A2E7013002EB8202303D84
:102DA80080B205EB4205B0F5807FAAB2BFD196E7A5
:102DB8002B440135ADB283F85C21092D7FF67DAF38
:102DC800A368002283F85C2189E700BF04D80008C3
:102DD800EFD700088CBF00081FEE000890BF00085E
:102DE8001ED800082DE9F04F074689B015468946D8
:102DF80021B1104606F09DFD00285BD1032455E063
:102E08005C463CE029460AF5AE7008F0FBFB064636
:102E1800002854D0FDF748FA314682B2601C08F108
:102E280001080132304408F07EFB224659463046FC
:102E380008F06BFB4FF020033355BAF858300133D4
:102E48001C44AAF85840002401994B1C03AA484680
:102E58000193FFF735FB0646E8B1002231682846A2
:102E680006F057FE0028EFD1D6F800B0D7F808A032
:102E7800BBF1000FC4D05846FDF716FA84B2BAF871
:102E880058302344FF2BBDDD01242B460D4A032176
:102E9800384606F01AFBB8F1000F07D0B8682A4682
:102EA80000F1580100F5AE7006F044F8204609B06C
:102EB800BDE8F08F4FF0000802244146C5E7022420
:102EC800E9E700BF1BDD000880B505460E4617463A
:102ED800984604F001F9DFF82090034600F0ACFBB7
:102EE8000446424649F8003039463046A84754F867
:102EF800090000F041FB00BF080000000348002162
:102F0800034A08B5121A06F0CBFD08BD8801002453
:102F1800482B00240748084A0849121A08B506F041
:102F2800C1FD0748074A0849121ABDE8084006F0DB
:102F3800B9BD00BF000000248801002434EE000859
:102F4800000000240000002434EE000838B50546CF
:102F58000C4699B11048D1E90123096805F0FEFA39
:102F6800E1680E48D4E9042305F0F8FAE1690C4851
:102F780005F0F4FAA1690B4805F0F0FA012D05D126
:102F8800EFF305810848103905F0E8FA214628468C
:102F9800BDE8384003F0A4BB6DDD00089DDD0008E6
:102FA800CDDD0008DDDD00080CDE000830BFFFF7CE
:102FB800FDBF00BF2DE9F0410B4E0546DFF82C8020
:102FC800324606EB0807CC1B0949204608F09DFA53
:102FD800A019083C4246002108F0BEFA07F1080093
:102FE800C5F8AC40BDE8F081000000000800000012
:102FF8002CBF000810B51D4C1D4805F0AFFAA36A98
:10300800990130D51B4805F0A9FA1E20A36ADA01F8
:1030180003D5194805F0A2FA1F20144CA36A1B0314
:1030280003D5164805F09AFA2120A36A590303D557
:10303800134805F093FA22200C4CA36A9A0303D58F
:10304800104805F08BFA2320A36ADB0303D50E484A
:1030580005F084FA2420054A936A6FEA03436FEA6D
:103068001343936210BD1D20D0E700BF00ED00E0C0
:1030780020DE000839DE00084DDE000868DE0008A2
:1030880087DE0008ADDE0008C8DE000870B5244CF5
:10309800064624480D4605F061FAA36AD90435D5D9
:1030A800214805F05BFA1720A36A1A0503D51F48C3
:1030B80005F054FA18201A4CA36A9B050FD51C4832
:1030C80005F04CFAA16BA36A180407D5194805F056
:1030D80045FA1EB1A36A23F40043A3621920104CD9
:1030E800A36A590503D5144805F038FA1A20A36ACB
:1030F800DA050DD5114805F031FA1B20084A936A04
:1031080043F47F43936200232B7070BD1620CBE7F6
:10311800A36A9B04F2D50A4805F020FA1C20EDE7C3
:1031280000ED00E0F4DE00080BDF00081DDF0008FA
:1031380031DF00084BDF000861DF00087DDF000891
:1031480096DF000870B5264C064626480D4605F061
:1031580005FAA36AD80640D5234805F0FFF91120DF
:10316800A36A190703D5214805F0F8F912201C4C69
:10317800A36A9A070FD51E4805F0F0F9616BA36A98
:103188001B0607D51B4805F0E9F91EB1A36A23F011
:103198008003A3621320124CA36ADE0703D51648E6
:1031A80005F0DCF91420A36A9C0603D5134805F042
:1031B800D5F915200A4B9A6AD10600D49A6A9A6AF8
:1031C800920603D55A6A22F400525A629A6A42F069
:1031D800FF029A6200232B7070BD1020C0E700BF69
:1031E80000ED00E0C6DF0008DDDF00081DDF000895
:1031F80011E000082AE0000841E0000896DF000816
:103208005E4B2DE9F0415F688AB004460025C7F39C
:10321800080685F31188BFF36F8F02F07F43B3F17F
:103228007F4F06D102F00C03082B13D1544805F048
:1032380095F900252C464FF00008F31E8DF80780FD
:10324800092B00F28C80DFE803F00A80847C8A8AEC
:103258008A8A8A8810074CBF0C460125EBE7474E3F
:10326800484805F07BF98DF80780F36A9A0704D57A
:10327800454805F073F900232AE0F36A002B01DAC8
:103288004248F6E7F36A5B00F5D5414805F066F970
:103298007369A26943F480737361BFF34F8FBFF3FF
:1032A8006F8F32F8023C726922F480727261BFF348
:1032B8004F8FBFF36F8F03F47F42B2F55F4F28D172
:1032C800DBB2022B25D12168324805F047F9236883
:1032D8009DF80720D2B902AE04F12007206808340F
:1032E80054F8041C3246BC4203C21646F6D1099A69
:1032F800002D40D0C2F3080121B96FEA52226FEACB
:103308004222099202A91846FFF720FE0AB0BDE83A
:10331800F0811A4B9A6AD2B22AB10DF10701012045
:10332800FFF710FF0FE09A6A12F47F4F05D00DF1F6
:1033380007010120FFF7AAFE05E09B6AB3F5803F6D
:1033480099D3FFF757FE0346C2E70DF107010020A6
:10335800E6E70DF107010020ECE70F4889E717F4CD
:10336800F87F0E4B0E49A6F1100208BF19460D480A
:1033780005F0F4F87FE76FF30802C2E700ED00E01C
:103388008FE00008BBE00008D3E00008F5E0000883
:1033980004E1000824E1000841E1000861E00008B8
:1033A80076E0000866E10008044B5A6942F0100212
:1033B8005A615A6922F008025A61704700ED00E02C
:1033C800EFF30880EFF3098101B57246FFF718FFA4
:1033D80001BD00BF0F4880F3088805F0B8F9102038
:1033E80080F311880C484FF0AA014FF4006206F0F0
:1033F80057FB09484FF40061401880F30988EFF340
:1034080014800221084380F31488BFF36F8F00F003
:1034180049F8000088420024483500241EF0040FB3
:103428000CBFEFF30880EFF30980816911F8021CE3
:103438000229FFD001B5724606F036FB01BD00BF78
:1034480000B2002807DB0123410900F01F00024AEF
:10345800834042F82130704700E100E000B20131BA
:1034680000284FEA0111C9B206DB00F1604000F5FF
:10347800614080F80013704700F00F00014B1954A9
:10348800704700BF14ED00E0044B054A23F07F03AA
:103498009360BFF34F8FBFF36F8F70470000000832
:1034A80000ED00E008B5FFF7EFFF0C4AD2F88830CE
:1034B80023F47003C2F88830EFF3148323F0040375
:1034C80083F31488BFF36F8FFFF718FDFFF722FD12
:1034D80000F094F806F00EFB03F0D6F900ED00E0DA
:1034E80042F8203C203A009B08495360019B21F098
:1034F80001019360029B9161D3604FF08073D361A7
:1035080000230265C0F8B030704700BFD12E000814
:103518000C4B15460E4600B59860D0F8AC200A4B07
:103528001A602C4686F309880020044B98472046E9
:10353800002100220023024C20470000D59A0008F1
:10354800D12E0008EC290024E4080024014B1022A5
:103558001A61704700ED00E0054B5A699B689A4272
:1035680004D0044A536843F080535360704700BF47
:10357800EC29002400ED00E0084B9B6883420BD146
:10358800EFF3058343B1064B5A6842F080525A6004
:103598005A6A22F400425A6203F0A4BDEC290024BE
:1035A80000ED00E012498A684FF030001044EFF354
:1035B800098C80E8F01F102080F31288BFF36F8F0A
:1035C8000C4F4FF000664A698A603E60D2F8AC0042
:1035D800094C2060D2F8B0000023C2F8B03080F364
:1035E800118802F1300090E8F01F8CF309887047C9
:1035F800EC29002404ED00E0E4080024002304483A
:103608001021C21801335D2B82F80013F9D17047DD
:1036180000E100E008B5EFF30583064A103B02EB32
:10362800C30152F8330049688847BDE80840FFF7EE
:1036380093BF00BFD8B90008014800687047000070
:10364800E4080024154A70B5536913F4803323D174
:10365800C2F88430BFF34F8FD2F8803043F6E0745D
:10366800C3F3C900C3F34E335B0103EA0406014602
:1036780046EA81750139C2F86052F9D2203B13F14C
:10368800200FF2D1BFF34F8F536943F48033536156
:10369800BFF34F8FBFF36F8F70BD00BF00ED00E029
:1036A8000B4B5A6912F4003211D1BFF34F8FBFF39D
:1036B8006F8FC3F85022BFF34F8FBFF36F8F5A69D4
:1036C80042F400325A61BFF34F8FBFF36F8F7047D8
:1036D80000ED00E0F0B587B007460E46144600211D
:1036E800102268461D4607F037FF02232A46214666
:1036F8008DF802306846044BCDE90476019304F056
:103708005FFA07B0F0BD00BFFF9A000806490748F6
:1037180021F00701C1F1105208B502F5002204F0AA
:1037280099FE002008BD00BF8F420024E80800244D
:103738002DE9F04F91B01D4606460C461A9B93465C
:10374800002B00F04B82B146294619F8010B06F010
:10375800D8F90246207806F0D4F93F2A07465FFADE
:1037680080F821D006DC92B12A2A32D0D2B2424562
:103778002DD01EE05B2A7DD05C2AF7D1EB07F6D46A
:10378800707806F1020906F0BCF9C2B2EFE7E80664
:1037980002D5B8F12F0F03D0B8F1000218BF0122EB
:1037A800104611B0BDE8F08F18B12F2803D1A90732
:1037B8000DD50122F4E72E2809D16A0707D55C4503
:1037C800F7D0AB0703D514F8013C2F2BF1D0013407
:1037D8002CE0707806F095F9C1B22A2918D02E2F5E
:1037E80009D16F0707D55C45E3D0AE0703D514F8B8
:1037F800013C2F2BDDD079B915F00202D0D0ED06AF
:1038080000F1EE812F21204607F0BEFE021EC5E71B
:10381800294619F8010FDDE72F2909D1A80707D58F
:10382800204607F0B1FE04460028C2D04E468AE77B
:103838001A9B05F0020A5F1E2646B8F1000FB8D0A1
:103848005A462B46214648460097FFF771FF024625
:103858000028A5D02946307806F053F92F2804F11E
:10386800010404D1BAF1000FA3D12646E8E75FFAB4
:1038780080F8E1E700289CD02F2848D1AA0798D4DF
:103888007378212B01D05E2B4FD1B31C05930123F4
:1038980029463846069306F034F9C3B20646002294
:1038A8000493A0F14103192B099394BF002301232A
:1038B8000F93A0F120035E2B94BF002301230E93E6
:1038C800A0F16103192B089394BF002301230D93E2
:1038D800A0F121035D2B0B9394BF002301230C93CC
:1038E800A0F13003092B079394BF002301230A9307
:1038F800059B0393039B1B785D2B1ED1059B0399A6
:103908008B4222D2069B01F1010993425EE72E28E1
:10391800B6D16B07B4D55C453FF44BAFA807AFD51C
:1039280014F8013C2F2BABD143E70023CDF81490BA
:10393800AEE70122CDF80CA0DCE7002B00F04C81AB
:103948002F2B38D1A9073FF534AFDDF80CA0294655
:103958001AF8010B06F0D5F80399C3B249782D2956
:1039680040F0348103998978002900F02F815D297E
:1039780000F02C8103985C2900F1020A04D1E907C0
:103988005CBF014601F1030A29461AF8010B0393AB
:1039980006F0B7F8002800F01F8115F0080F039B08
:1039A80040F00E810499C0B29942C3D3814298BFB6
:1039B80042F00102BEE703995C2B497805D1EB0779
:1039C800C3D4039B01330393BFE75B2BBDD13A29D3
:1039D800BBD1039B0020991C03468A4611F801CBF2
:1039E800BCF1000F46D17F497F4FBB4208BF8842D8
:1039F80000F0DB80814277EB03015AD3A7F510274B
:103A08006FF4817C79496744BB4208BF884200F063
:103A1800BA80814277EB030137D3A7F500377449A1
:103A2800A7F50177BB4208BF884200F09A8001F1F0
:103A3800C16107F57F4701F50031F137BB4208BF87
:103A4800884200F0988001F1E061DFF8A8C101F533
:103A58000031634508BF88427FF477AF26F0200322
:103A6800413B192B7FF665AF079B092B98BF42F0A6
:103A780001025FE711F802ECBEF15D0FB3D01B0243
:103A880043EA10634CEA0020A7E75B495B4FBB425F
:103A980008BF884200F08E8007F1E047584907F5D3
:103AA8007437F6378B4208BFB8427FF44EAF0C9B91
:103AB8007CE05449544FBB4208BF88426BD08142D6
:103AC80077EB030129D3A7F53F375049A7F5FC77D2
:103AD800BB4208BF88426FD007F1C6474C4907F57B
:103AE800713707F57D778B4208BFB8427FF42DAF59
:103AF8000B9B0E2B7FF61DAFA6F13A03062B7FF624
:103B080018AFA6F15B03052B7FF613AFA6F17B0375
:103B1800032B98BF42F001020CE732493D4FBB42EC
:103B280008BF88424AD007F1F04701F180616FF47D
:103B3800E16CA7F5881701F500316744BB4208BF5F
:103B480088427FF402AF079B092B7FF6F2AE099BF0
:103B5800052B7FF6EEAE089B052B98BF42F00102BD
:103B6800E8E6099B192B7FF6E4AE089B192B98BF52
:103B780042F00102DEE6202E3FF4DBAE092E08BF3C
:103B880042F00102D6E61F2E7FF7D3AE7F2E08BF84
:103B980042F00102CEE6202E3FF4CBAEA6F1090397
:103BA800042B98BF42F00102C4E60D9B83F0010389
:103BB8001A43BFE60A9BF9E70E9BF7E70F9BF5E769
:103BC800A0F14101192998BF2030EBE604999942E8
:103BD80008BF42F00102ADE65B22C8E50322DFE53B
:103BE8000A46DDE55D3A7265776F6C005D3A6C7286
:103BF8005D3A61686E6C61005D3A7469676964007A
:103C0800617267005D3A6563617073005D3A746E56
:103C18006E757000707075000268064B1A60426815
:103C2800054B1A608268054B1A600269044B1A60DA
:103C3800704700BFFC080024F8080024F40800249A
:103C48000009002407B5084A92E80300CDE90001FD
:103C580006488268126822B16946904703B05DF849
:103C680004FB6FF05700F9E750BF0008B8B7000829
:103C7800044B03EB40000023013320F8022B8B4256
:103C8800FADB70472C0100242DE9F0410546002697
:103C98000F4F4FF00108F4B26B78A34201D8BDE88A
:103CA800F0812B781C44204605F03DFF68B1204682
:103CB80005F055FF57F834303BB107EBC40204F068
:103CC8001F04516808FA04F098470136E3E700BF7B
:103CD80004090024034680B1B0FA80F2C2F11F0241
:103CE800D2B2074931F912004FF0B042D2F8801031
:103CF8000B43C2F88030FFF7A3BBFF22F1E700BFF8
:103D08002C01002430B5B0B1B0FA80F3C3F11F0321
:103D1800DBB20B4850F833408C4204D100EBC305AA
:103D28006D68954205D044B940F8331000EBC300E4
:103D38004260002030BDFF23EBE76FF00F00F9E78A
:103D48000409002460B1B0FA80F3C3F11F03DBB2A9
:103D5800044A002142F8331002EBC3025160704755
:103D6800FF23F5E70409002400F003020F230432BF
:103D780092009340094A43EA900000F0030302339B
:103D880052F82320030C02EA104293FAA3F008B178
:103D9800B0FA80F022FA00F0704700BF0004005823
:103DA800204B10B518680B88C3F30B03D42B25D010
:103DB80014D8042B2CD004D8012B06D06FF0850022
:103DC80025E00A2B03D8072BF8D9174819E003F682
:103DD800EE73C3F30B03012B10D9EFE703F6287337
:103DE800C3F30B031C2BE9D8012404FA03F30F4C8B
:103DF800234205D140F211142342DFD0400800E0ED
:103E0800800810600968B1F5805F03D2002010BDFA
:103E18000748F6E7C1F313310131B0FBF1F3136042
:103E2800F4E700BF1C01002400389C1C001011118D
:103E380000127A00724B13B5D3F8E02042F00072FA
:103E4800C3F8E020D3F8E02002F000720192019A52
:103E58001A6842F480221A601A6842F480321A60A2
:103E68001A689103FCD500230093664B9A6942F4C3
:103E780040429A619A6902F440420092624AD16AC9
:103E880041F00101D162D26A02F001020092009A67
:103E98009A699204FCD55A4B1A691A6902F03802D9
:103EA800182A16D11A68540706D41A6842F0010273
:103EB8001A601A685007FCD5514B1A6922F007029C
:103EC8001A611A6912F0380FFBD19A6922F00F02B1
:103ED8009A614B4C236823F080732360236823F096
:103EE80080632360236823F080532360A36A23F050
:103EF800030343F00203A362A36A23F47C7343F031
:103F08002003A362E36A23F00C0343F00403E36293
:103F1800E36A23F00203E362236B6FF3080343F0C1
:103F2800EF032363E36A23F00103E362236B23F4C3
:103F38007E4343F400732363E36A43F48033E3620C
:103F4800236B23F4FE0343F480332363E36A43F4CF
:103F58000033E362236B23F0FE4343F08073236353
:103F6800E36A43F48023E362236843F080732360A9
:103F780023689901FCD5254802F0DCFAA369204A98
:103F880023F47063A361A36923F00F0343F00803CC
:103F9800A361E36923F0700343F04003E361E3693D
:103FA80023F4E06343F48063E361A36923F07003BF
:103FB80043F04003A361236A23F0700343F04003F6
:103FC8002362236923F0070343F003032361136982
:103FD80003F03803182BFAD10A4B9A6942F440428D
:103FE8009A619A699204FCD5054A0020136923F462
:103FF80000431361064B074A1A6002B010BD00BFA8
:10400800004402580048025800040058001C4E0E94
:104018001C01002400389C1C132808D8054BC340F9
:1040280013F0010F0CBF6FF08500002070476FF090
:104038008500704712070C00C3780F2B14D9C96B81
:104048000B480B0E00EA911013708B02090603F45B
:104058007C0301F0FE41034300200B4311686FF31A
:104068001E210B43136070476FF08500704700BF37
:1040780000FF030083680548054A83422CBF0120DE
:104088000020934228BF0020704700BFC0BC000832
:10409800F0BC000810B50C46054905F036F800B12B
:1040A800006800232060E3606360024BA36010BDDA
:1040B8007D4000081CBF000808B50449D2E9002368
:1040C80004F088FD6FF0150008BD00BFAEE10008E0
:1040D80013B54FF400630024044A0549CDE90043B1
:1040E800044B04F05BFD204602B010BDC8E1000897
:1040F800D4E1000898CD000804292DE9FF470546BA
:10410800144607D8224904F065FD6FF0150004B085
:10411800BDE8F087506805F005F88146A06805F00D
:1041280001F800228246E068114603F057FC00229D
:1041380007462069114603F051FC00228046606959
:10414800114603F04BFC06464FF48073524639463D
:104158000293104BCDE900034346484605F02EFC78
:10416800031E07DA28460C4A0C4904F033FD6FF0A9
:104178000400CCE7CDF808802846A36832460849F1
:10418800CDE90073636804F009FD0020BFE700BFB4
:10419800EFE10008402A002403E2000810E20008CA
:1041A8001FE200082DE9F7431F46136806460D462F
:1041B8005868144601A91022DDF8289003F00EFC77
:1041C800019BC9F800001B7873B12368586804F094
:1041D800A9FF3860A8B91A49304604F0FBFC6FF013
:1041E800120003B0BDE8F083DFF85880404606F0BF
:1041F800A0FE10B1D8F808300BB91349ECE7C7F89E
:104208000080019B1B780BB90020EAE72B68022B82
:1042180006D830460D4904F0DDFC6FF01500E0E7E4
:104228002368102201A9986803F0D8FBC9F8000098
:104238002B68013B2B60236804332360E4E700BF4D
:1042480044E20008B8B9000866E2000895E20008F0
:1042580030B501298BB00546CDE9022103D82B4999
:1042680004F0B8FC10E0134606A91022586803F0C1
:10427800B5FB069B1B7863B92549284604F0AAFCC0
:104288002449284604F08AFC6FF0150420460BB038
:1042980030BD05AB02AA03A92846009304ABFFF77B
:1042A80081FF04460028F1D1039B032B0AD9029B06
:1042B80002460146986803F091FB024682B9164906
:1042C8002846CDE7DDE9040107AA05F067FE0246A6
:1042D80020B11249284604F07DFCD5E7089AEDE79D
:1042E800DDE9040183689B6843B19847044640B1FF
:1042F80022460B49284604F06DFCC7E76FF05704C7
:10430800F6E70849284604F049FCBFE7A7E2000899
:10431800B9E20008D0E2000827E30008FEE200083E
:1043280038E3000850E300082DE9F0410229AAB05B
:104338000546CDE9022103D8394904F04BFC10E0C9
:10434800134607A91022586803F048FB079B1B78FF
:1043580053B93449284604F03DFC3349284604F053
:104368001DFC6FF0150449E006AB02AA03A9284614
:10437800009305ABFFF716FF044600283ED1DDF891
:104388000C80B8F1020F02D828492846D5E719AFA2
:1043980008AE0224029B1022002153F824000134A5
:1043A80003F01CFB47F8040B44456FEA000046F88D
:1043B800040BEFD104F1804419AA023CDDE905673A
:1043C800A40039463046234605F0F2FD20B11849CD
:1043D800284604F0FFFB0FE01649284604F0DEFBF0
:1043E800234608AA3946304605F0DCFD002809DADC
:1043F8001149284604F0D2FB6FF0040420462AB085
:10440800BDE8F081224608A919A807F0ADF80446CE
:1044180020B90A49284604F0C1FBEFE70849D7E765
:10442800A7E20008B9E2000860E3000891E3000889
:10443800AEE30008C5E30008D0E30008EAE300089B
:10444800F5E300082DE9F0438BB0064605ABCDE94E
:104458000221009302AA04AB03A9FFF7A3FE0446B6
:1044680040BB039B022B0FD9029B0246014698686A
:1044780003F0B4FA07464FF00009B94506DB1549C1
:10448800304604F08BFB15E00127F4E7A7EB09059C
:10449800DDF8148006AA0498102D4146A8BF1025FF
:1044A8002B4605F07FFD48B16FF004040A493046F9
:1044B80004F090FB20460BB0BDE8F08341462B4644
:1044C80006AA3046FDF730FF08EB0501A94405911F
:1044D800D3E700BF97CD00080AE4000870B58AB09A
:1044E800054606ABCDE90221009302AA05AB03A954
:1044F800FFF758FE044670B9DDE9050607AA3146FC
:1045080005F04CFD044648B16FF015040246094910
:10451800284604F05FFB20460AB070BD099B32466E
:10452800054928460193089B0093079B04F036FB36
:10453800F1E700BF17E4000846E400082DE9F04F52
:104548004F4D85B0DFF83C9104462B684FF00008CA
:10455800DFF834A10191D9F80010DFF830B119441F
:10456800DAF800305B1A934228BF13460093009B89
:104578002F68984511D3DAF80020BA4249D80022AA
:10458800434B204611461A7004F073FB41492046FC
:1045980005B0BDE8F04F04F001BBDBF80030D9F8F6
:1045A800006003939A1B009B9A4228BF1A46019BFE
:1045B80003EB0801384B0292981906F0A6FF029AFD
:1045C800039B16449044B342C9F80060CFD1334AE4
:1045D800334E1268306817442F4A394605F0E8FC14
:1045E80028B133683A462F49204604F0F3FA2E4E94
:1045F80020462E49326804F0D1FA2B68DBF80020F7
:1046080013442B603368013333600023C9F800304A
:10461800ADE7DFF87080D8F80030D9198A422BD876
:104628001E4A16681C4A3E441D4F3146386805F03C
:10463800BFFC78B10022164B204611461A7004F0D0
:1046480018FB3B6832461749204605B0BDE8F04FD5
:1046580004F0C0BA144E20461449326804F09EFA99
:104668002B68D8F800201344326801322B6032607E
:10467800DAF80020934282D205B0BDE8F08F00BF7F
:104688008C290024842900249029002498290024B6
:104698003F2A0024BBE40008402A0024942900246F
:1046A8009C29002486E4000888290024A9E400083D
:1046B8002DE9F04387B0044605ABCDE9022100930C
:1046C80002AA04AB03A9FFF76DFD0546B8B9029B22
:1046D80002460146986803F081F9049F0646BB68C4
:1046E8003846DB6898470268B6FBF2F302FB1363AF
:1046F8004BB16FF004052849204604F06BFA2846B0
:1047080007B0BDE8F0834FF48078DFF89090424519
:10471800C9F8008006D9224920466FF01B0504F02D
:1047280059FAECE7B8FBF2F35343B3F5807F0CD0AA
:104738001C492046C9F8003004F03EFAD9F8003088
:1047480042461949204604F037FA184B2046059A84
:104758001F60174B17491A60174B184A1E60002331
:104768001360174A1360174A1360324604F016FAAA
:10477800154B1E7826B11549204604F02BFABEE7E2
:104788000122204612491A7004F008FA32461149EB
:10479800204604F06EFAB2E7C5E400089829002420
:1047A800E5E4000818E500083DE500089C29002418
:1047B800942900246FE50008902900248C290024FE
:1047C80084290024882900243F2A00249DE5000824
:1047D800D7E50008454500082DE9F04387B00646AF
:1047E80005ABCDE90221009302AA04AB03A9FFF7A8
:1047F800D9FC0446B0B9029D01461022A86803F00E
:10480800EDF8074610222146E86803F0E7F8B7F507
:10481800805F0BD96FF015044FF48052324930464F
:1048280004F0D8F9204607B0BDE8F08301282F4BE3
:1048380038BF01208146BC4210D1DDE90458AB687D
:104848009B687BB13A46414628469847044660B182
:1048580022462749304604F0BDF9E3E703F8014B47
:104868000134E8E76FF05704F2E72249304604F0D4
:1048780095F93B461D4A4146284605F099FB0446F2
:1048880010B102461C49E5E71C49304604F086F998
:104898003B461B4A4146284605F084FB041E05DAC0
:1048A80022461849304604F079F9BBE73A461449DC
:1048B8000E4809F1FF3906F057FE30B1124930466B
:1048C8006FF0040404F086F9ACE71049304604F0B0
:1048D80065F9B9F1000FB0D1002CA3D10C493046CD
:1048E80004F05CF99EE700BFE3E5000884190024A2
:1048F80038E3000801E600080CE60008C5E30008F4
:104908008409002423E60008F5E3000847E60008C8
:1049180055E60008004870472CC700082DE9F04705
:104928000D1E8EB00646924679DBD0F80480AA1890
:104938004FEAE5734FF00001D8F80C0043F100038B
:10494800904271EB03036AD3BAF1000F6AD03822A0
:104958006846376906F000FE4FF480724FF48063B2
:104968004FF0FF393846CDE9062397F8AF3013F0FA
:10497800010F0CBF4FF400534FF44053039305F05D
:104988008AFB294900243069019505F08BFBD8F88A
:104998000C3053451CD1C7236946306900930794EE
:1049A80005F080FBD8F80C30AAEB030A304605F076
:1049B80017FCBAF1000F03D0002CE2D06FF01504F9
:1049C80030694C3005F006FB20460EB0BDE8F08794
:1049D80007F1740307F17C0045EA0A0C5A785AB1CA
:1049E80009FA02F13CEA010106D114B16178914259
:1049F80002D21A781C46009202338342EED15CB18F
:104A08006946306905F04EFB627801230024934023
:104A18001D44AAEB030AC9E76FF01504C6E76FF057
:104A28001504D1E75446CFE734C700082DE9F04311
:104A38000D1E8FB0074690461E4663DB4068AA19D4
:104A48004FEAE5734FF00001C06843F1000390425C
:104A580071EB030356D3002E57D0342201A806F079
:104A68007BFD4FF480733869069390F8AF3013F0EC
:104A7800010F0CBF4FF400534FF44053039390F8C9
:104A8800AC30322B009314BF4FF440634FF4806373
:104A980007934FF04073099305F0FDFAB6F5807F50
:104AA800B1464FEA15221A4928BF4FF48079386970
:104AB80009EB0503013BB2EB132F1CBF5FFA85F925
:104AC800C9F5807905F0EEFA0446386994B94B4681
:104AD80042466946019505F0C0FA044650B9384681
:104AE800A6EB090605F07CFBC8444D44044608B90A
:104AF800002ED3D138694C3005F06CFA20460FB03F
:104B0800BDE8F0836FF01504F8E73446F6E700BF18
:104B180034C700082DE9F04FB1B04768D0F81090BD
:104B280004461CAA0021B86905F008FD061E0FDB23
:104B38001C9B00221979186805F012FD061E07DB78
:104B4800954ED6F80880D8F800302BB96FF00406D7
:104B5800304631B0BDE8F08F3946304698470546B3
:104B68000028F3D1D8F80C30002BEFD005AA39462D
:104B7800304698470028E9DB059A284639690346F4
:104B88000130B2FBF0F5A94203D2B0F5807FF6D12F
:104B98000346C9F804304846FA6892FAA2F3002A94
:104BA800B3FA83F308BF4FF0FF33013BC9F8103065
:104BB8003B7D013BC9F8143001F076FB0146002823
:104BC800C4D1484606F069F980460028BED10122C2
:104BD80009F14C00114606F035FA0122414609F167
:104BE8005C0006F02FFABB6820469847182308AAED
:104BF8004146206905F0FEF906460028A6D1674B14
:104C0800089A9A4240F073819DF826300AAD012B2C
:104C180096BF01331023DB00EB180193019BAB42D5
:104C280000F02681EA792B7843EA0223B3F57F4F17
:104C380040F01481EB7869799B00AA7909022879F8
:104C4800502B41EA02411CAA28BF50230143206986
:104C580005F0D0F92769002840F00A8107F1740AA5
:104C68004FF001097867B867494609F101095246CA
:104C78001CA85FFA89F90AF1020A05F022F9B9F1CC
:104C8800050FF1D1EB780A2B85BF269B01224FF443
:104C98008073C3F3031388BF02FA03F3A7F87C30C9
:104CA8001C9BC3F34143012B2AD107AA1CA9284600
:104CB800FFF7C2F930BB9DF81C309A0722D09B073A
:104CC80006D53749206905F0EDF9002840F0D08075
:104CD800002134220FA806F03FFCB7230EA9206953
:104CE8000E934FF48073149305F0DCF9002840F01C
:104CF800BF8097F8AF3043F0010387F8AF3001E089
:104D0800022BF6D040F204730DF10C0B4FF0000AA1
:104D1800ADF80C30FF2387F87F301BF8019B04ABFC
:104D28001CA928464A4605F058F800280FDB9DF8CC
:104D380010309DF8112087F8AD309DF8123087F8B3
:104D48007F9087F8AE3012B1134487F8AE300AF17D
:104D580001094FF0010AB9F1020FDED197F87F304F
:104D6800FF2B00F0858006AA1CA9284605F0BDF88F
:104D78000028A2BF9DF81830C3F3420387F87E309D
:104D8800236993F87E30062B72D8DFE803F0676951
:104D98000B6D6969690000BFB8B7000853464450F5
:104DA80034C7000840274FF0010A02AA514620469E
:104DB80005F0F9F900285BDB9DF808303B424DD13E
:104DC8003B434E4920698DF8083005F06BF90028FF
:104DD8004CD10EAA0121204605F0E5F9002845D15D
:104DE8009DF838309907F4D5002134220FA8D4F85B
:104DF80010B0079106F0B0FB01214FF480739DF8C5
:104E0800082014938A454FF080730E9117939BF8EE
:104E18007E3052D18B428DF81C2061D10DF11D02DC
:104E28000221204605F0BFF9002821DB07AA4B46DE
:104E38000EA9206905F011F9002819DB204605F0B4
:104E4800CFF9002814DB02AA5146204605F0ABF939
:104E580000280DDB9DF808301F4209D00835DDE633
:104E680002274FF0020AA0E78027FAE70028BBDAFA
:104E780022696368B2F87C0002F10805D968134614
:104E880093F874403CB193F87540B8F1000F01D025
:104E9800444500D2A04602339D42F1D1B8F1000F3B
:104EA80028D0012303FA08F35C1E044208BF034616
:104EB8001367B1FBF3F3D3664AE63120012B8DF873
:104EC8001D200E9002D0043B012B0CD807AA01210B
:104ED800204605F068F90028CADB01230E93A5E7F0
:104EE80007AAD146A3E70DF11D0289469FE76FF097
:104EF80015062DE66FF012062AE600BF34C7000833
:104F08000048704778C70008044BB3F880389B0204
:104F18000B60002318464B60704700BF00E0F11F8C
:104F2800064B186828B94FF0100C4FF40030C3E94D
:104F380000C0012010600B60704700BFA02900244A
:104F48000B4A5369DB0312D5002910DD00F1006319
:104F580000F01F000144BFF34F8F2039C2F85C32C4
:104F680020330029F9DCBFF34F8FBFF36F8F7047F1
:104F780000ED00E003681A6912F0C06F00D0196EE6
:104F88000E4959610E490A4202D06FF00400704779
:104F9800D3F8102112F0C06F01D0D3F8600109488E
:104FA8000A42C3F8140107D007490A42EDD0D3F8E2
:104FB80014210A43C3F81421002070470F00EF1F83
:104FC8000000EE150F00EF9F000008802DE9F84360
:104FD80017461A46064688461C4605F033F968B354
:104FE80084B3EFF31189102383F31288BFF36F8F13
:104FF800012383F31388144D6B6943F480736B6149
:10500800BFF34F8FBFF36F8F224608F10061384618
:1050180006F07BFA002383F313886B6923F480730B
:105028006B61BFF34F8FBFF36F8F89F31188BFF3A5
:105038006F8F3069BDE8F843FFF79CBF6FF015002C
:10504800BDE8F8832046FBE700ED00E0F7B505462C
:10505800144A0023684606F0A0F92869DDE90067CC
:10506800FFF788FF0446D8B16FF00404204603B068
:10507800F0BD002AF8D132463B46684606F0B2F940
:10508800DDE9003213430CBF012200222B691B68A3
:1050980019694907EDD4D3F810315B07E9D4E5E77E
:1050A8000246F3E78038010010B503691C6829B18E
:1050B800FFF7CCFF88B16FF0040019E0E368DA0766
:1050C80017D4D4F80C31DB0711D50D4BC4F80431D3
:1050D80003F18833C4F8043109E0E36843F00103BD
:1050E800E360D4F80C3143F00103C4F80C3100201C
:1050F80010BD034B636003F188336360E1E700BFD1
:10510800230167452DE9F84F0369B1F5801F9046E3
:105118002E4A1B680746926901F1006935BF03F101
:105128000C0603F5867603F1100A03F5887A3468CD
:1051380014F0010403D06FF00400BDE8F88FFFF706
:1051480085FF0028F7D109F120024B46D3E9000179
:10515800B1F1FF3F08BFB0F1FF3FECD108339A42ED
:10516800F4D1336843F002033360BFF34F8F08EB89
:10517800040158F804204B6809EB0401C1E9002335
:10518800BFF34F8F06F007F90A220023FBF760F8F8
:1051980010F1640541F1000BDAF800305B0709D51E
:1051A80006F0F9F80A220023FBF752F885427BEB58
:1051B8000101F1DA0834202CD9D13846FFF746FF2F
:1051C800336823F002033360B7E700BF00200052C2
:1051D800013A2DE9F04781468A465718DFF878806A
:1051E8001E4E574501D2002012E0D9F81030BAF50A
:1051F800801F4FEA5A451C68D8F818302ABF083D66
:105208000C3404F586742368DB0703D56FF00400BB
:10521800BDE8F0874846FFF719FF0028F6D1236854
:105228002D0223F4E06305F4E065236023681D4341
:1052380045F004052560236843F080032360BFF32D
:105248004F8F4846FFF702FF23683340236000284A
:10525800DCD10AF5003AC4E700200052FBF8FFFF52
:105268002DE9F843012307460C46154604F0FFFFD5
:1052780088B355B3386904F0DEFF00213846FFF7DC
:1052880013FF28BB154E21462A46384604EA06096C
:105298002C44FFF79DFF804604F5FF34484604F58B
:1052A800FF743440A4EB0901FFF74AFE0121384698
:1052B800FFF7FAFEB8F1000F08BF0546386918BFB6
:1052C8006FF00405043001F05DFB2846BDE8F88363
:1052D8006FF00408EAE76FF01505F6E70000FEFF37
:1052E8002DE9F843D0F80490904607460D46D9F8C2
:1052F80008001E4604F096FCB8F5001F044616D1B7
:10530800D9F808402846FEF72FFD84420CD12946DB
:1053180004F088FC044604F08AFC2046FEF712FDDF
:105328000021204604F08CFC0020BDE8F883B8F585
:10533800800F20D0B6F1806F19D0B6F1C06F18D0A9
:10534800B6F1007F1AD102263A460F492046FEF7E9
:10535800D9FCB0B9D9F80810284604F09AFC2046C0
:10536800314604F06DFC2046FEF7B4FCDCE701266C
:10537800EAE70326E8E76FF08500D6E76FF0150047
:10538800D3E76FF00F00D0E7C1A400082DE9F04380
:10539800804685B08946134C0027134E002515E03A
:1053A800236849468DF8092001A80193A368EB40BA
:1053B80003F001038DF80830237C93428ABFE36829
:1053C800334653F8253001350393C04794F9043028
:1053D800EAB29D42E4DB013718340B2FDED105B069
:1053E800BDE8F0838CC8000898CD000838B503F0F4
:1053F80099FE48B100231824064A04FB03F18D18CE
:105408005158814201D1284638BD01330B2BF4D1C4
:105418000020F9E78CC80008F0B505468BB0506845
:10542800FFF7E4FF0446B0B90146182204A806F0C5
:1054380093F8214B214928460193214B214A009397
:10544800214B039503F0AAFB03A92048FFF79EFF11
:1054580000200BB0F0BD90F9042028461C49002616
:1054680003F09CFB1B4FA26828461B4903F096FBE0
:105478001A49284603F092FB94F904309E42E7DA71
:10548800F2B2217CA36828469142154923FA06F313
:105498008CBFE2683A4603F0010388BF52F8262021
:1054A800002B3346009206F101060CBF20222A2267
:1054B80003F074FBE0E700BF0AE90008F1E8000820
:1054C8000EE90008ECE80008E3E80008AD5A000817
:1054D80015E9000898CD000822E900083FE900080E
:1054E8005AE900082DE9F7434FF0000805464868D7
:1054F8000F461646CDF80480FFF778FF044648B9F2
:1055080028467A682D4903F065FB6FF0150003B053
:10551800BDE8F083036801AA41463360B868FDF727
:1055280009F8019A0346002A41D0BA68414694F91D
:1055380004C0FF2361455FFA81FE02DA207C7045D2
:1055480008D8FF2B37D128461D4903F043FB6FF0DD
:105558000100DCE7E06802F1FF3850F82170013FF4
:1055680018F8019F17F8010FB9F15F0F04D120282F
:10557800F6D05F28F4D018E0484516D10028EFD1BE
:10558800A068C840C00706D528460E4903F022FB8C
:105598006FF00C00BBE7FF2B06D028460A4903F042
:1055A80019FB6FF00D00B2E773460131C2E7A2683C
:1055B800C240D207E8D400203371A8E771E9000897
:1055C800B1E900088EE900089CE9000837B51146E2
:1055D8006A4605460124FFF785FF28B1284603F0EF
:1055E8002EFB204603B030BD9DF80430009804FA25
:1055F80003F183685B69984704460028F1D00246A6
:105608000249284603F0E6FAEBE700BFCCE90008B8
:10561800F0B585B01146054602AAFFF763FF30B121
:105628000124284603F00BFB204605B0F0BD029884
:105638009DF80C600769836801A95B689847041E98
:1056480007D010DB22460B492846002403F0A6FAAF
:10565800EAE73B68019C5C400123B3401C40003CE6
:1056680018BF0124EEE722460349284603F0B2FAA0
:10567800DAE700BF8DD20008CCE9000830B515463E
:1056880085B00446294602AAFFF72CFF014601907F
:1056980028B1204603F0D3FA012005B030BD01AA95
:1056A800E868FCF747FF019B0246002BF1D19DF803
:1056B8000C3001210298003A01FA03F1036918BF7E
:1056C80001221B680B40003B18BF01239A428368E4
:1056D80014BFDB681B69984701900028DDD002469B
:1056E8000249204603F076FA0198D6E7CCE900088B
:1056F8002DE9FF411746884602AA05463946FFF7B5
:10570800F1FE0446019030B1284603F098FA0120D2
:1057180004B0BDE8F081FE683046FAF7C5FD3346AF
:10572800304498420ED184F48033C4F3404204F4E8
:105738000031C3F300439A4253D05349284603F03B
:1057480049FAE1E713F8012B752A05D8632A08D826
:10575800302A40D0312A41D04C49284603F03AFA41
:10576800D2E7A2F164011129F6D801A656F821F072
:10577800D3570008615700086157000861570008AF
:105788002B570008C15700086157000861570008E7
:10579800D95700086157000861570008C757000823
:1057A80061570008615700086157000861570008F1
:1057B80061570008CD57000844F48034B1E744F439
:1057C8000034AEE744F01004ABE744F02004A8E747
:1057D80044F00104A5E744F4A014A2E744F4C0147B
:1057E8009FE704F03003302B01D12949A6E719B10E
:1057F800E30258BF44F4A01404F48813B3F5881FD7
:1058080001D124499AE704F44023B3F5402F01D18C
:10581800214993E7B8F1050F0AD101AA0021386997
:10582800FCF788FE019A20F47F43134329D10443EF
:1058380002989DF80C10E602D0F808C0076907D551
:1058480014F4402F1EBF44F3000303F440235C40CC
:1058580001263B6824F48012E40706FA01F64CBFDF
:105868003343B3433B60DCF800309847019000288D
:105878003FF44EAF02460949284603F0ABF90198B8
:1058880046E707495AE700BFE6E90008D7E90008F4
:1058980006EA000827EA000858EA0008CCE90008E8
:1058A80082EA000810B500231446D360994207D055
:1058B8000133202BFAD1002323600023636010BD3D
:1058C8000A460348034901F0F1FF014BF4E700BF22
:1058D800402B0024B8EA00080A4610B50C460146D9
:1058E8000248FFF7DFFF0023A36010BDB82900249A
:1058F8000A4610B50C4601460248FFF7D3FF0023BD
:10590800A36010BDBC2900240A4610B50C46014608
:105918000248FFF7C7FF0023A36010BDC029002479
:105928000A4610B50C4601460248FFF7BBFF0023A4
:10593800A36010BDC42900240A4610B50C460146D0
:105948000248FFF7AFFF0023A36010BDC829002459
:105958000A4610B50C4601460248FFF7A3FF00238C
:10596800A36010BDCC2900240A4610B50C46014698
:105978000248FFF797FF0023A36010BDD029002439
:105988000A4610B50C4601460248FFF78BFF002374
:10599800A36010BDD42900240A4610B50C46014660
:1059A8000248FFF77FFF0023A36010BDD829002419
:1059B8000A4610B50C4601460248FFF773FF00235C
:1059C800A36010BDDC2900240A4610B50C46014628
:1059D8000248FFF767FF0023A36010BDE0290024F9
:1059E8000A2830B502D900230B6030BD18220B4BB2
:1059F80042439C58E2697AB112686AB115685DB190
:105A080052680A600022CA60054A4A60182202FBEE
:105A180000335B698B60E8E72268F2E78CC800080E
:105A28000EE900082DE9F8430025DFF86090184BCF
:105A38000821184A044603F096F859F82560082109
:105A4800154A2046336803F08EF8F36953B90635D2
:105A5800124A0821204603F086F8422DEDD1002095
:105A6800BDE8F8831E68002EF1D03368002BEED015
:105A7800B04600273368BB42E9D958F8043F0821EB
:105A8800074A2046013703F06EF8F3E78CC8000890
:105A98000EE90008BBEA0008CEEA000897CD000826
:105AA80047D0000873B50C461148FFF76FFC237DFB
:105AB8002569002B2068E969A2690CBF20232A23E5
:105AC800A1B1096891B10E6886B14968657DCDE9D3
:105AD8000015084903F062F804F11002231D07CAF3
:105AE80083E807000023A36102B070BD2968EDE7D1
:105AF80013A50008D4EA00082DE9FF41114602AABF
:105B08000446FFF7EFFC054638B10125204603F0AF
:105B180096F8284604B0BDE8F081606801220DF1CE
:105B2800030103681E6901ABB04701263746606868
:105B380001220DF103010368D3F8108001ABC047BF
:105B4800019B002BE5D19DF80C10029807FA01F192
:105B580083685B699847024620B10849204603F0EC
:105B680039F8D6E71EB10649204603F017F841F286
:105B780088300021002605F051FBD8E70CD3000837
:105B8800EDEA000843681B6803F1080252E8002F99
:105B980042F0010203F1080040E800210029F3D196
:105BA800154A93421BD0A2F54C42934217D002F5F6
:105BB8008062934213D002F5806293420FD002F5BF
:105BC800806293420BD002F54442934207D0A2F57B
:105BD8001C42934203D002F58062934203D15A6873
:105BE80042F040025A6053E8002F42F4807243E8C2
:105BF80000210029F7D170470010014043681B6855
:105C080003F1080252E8002F22F0010203F1080014
:105C180040E800210029F3D1154A93421BD0A2F590
:105C28004C42934217D002F58062934213D002F59A
:105C3800806293420FD002F5806293420BD002F546
:105C48004442934207D0A2F51C42934203D002F586
:105C58008062934203D15A6822F040025A6053E8A6
:105C6800002F22F4807243E800210029F7D1704701
:105C780000100140F8B50C46036941681D68237996
:105C8800012B18D0A3F1020EDEF1000646EB0E063A
:105C9800B6026279022A96BF474F4FF4005737F889
:105CA8001270A279022A09D0042A30D0003B18BF0A
:105CB80001231B0306E04FF4C066EAE7B3FA83F357
:105CC8005B091B07E2790968012A0CBF4FF4407C85
:105CD8004FF0000CA5421DD10A6822F0805222F430
:105CE800B05232431A430A604B6823F440533B4393
:105CF8004B6043681A68936823F4407343EA0C03C3
:105D0800936029684068BDE8F84004F02DBD4FF461
:105D18008053D7E7D1F800E00EF4C06E764506D080
:105D2800D1F800E02EF4C06E4EEA06060E60416817
:105D38000E68716801F440518F4204D0716821F4F3
:105D480040513943716041680E68316801F0102193
:105D58008B4204D0316821F010210B433360436833
:105D680019688B6803F440739C4505D08B6823F44D
:105D7800407343EA0C038B604368D71E1B687E425E
:105D880099687E41C1F380318E4207D0032A9A6810
:105D98000CBF42F4804222F480429A6021682B684A
:105DA800994206D0406804F0DFFC08B923682B60EC
:105DB800F8BD0020FCE700BF5CCA00082DE9F341EC
:105DC800D0F804800746D8F80400D8F81010836883
:105DD8001B68002B00F0A8809847051E33DB01AA3A
:105DE8000021D8F8240004F0A9FB051E2BDB019B39
:105DF80000221979186804F0B3FB051E23DB7E68BE
:105E08003B6934681D68236823F001032360B06888
:105E180005F08FF8002800F08A80D6E9020183682F
:105E2800DB6803B1984754E8003F43F00C0344E8AB
:105E38000032002AF7D129463846FFF71BFF0546EE
:105E480028B16FF01505284602B0BDE8F081337E11
:105E58001BB1A36843F00803A360737E1BB163689A
:105E680043F400436360B37E1BB1636843F480333B
:105E78006360F37E1BB1636843F400336360337F70
:105E8800002B3BD02B4B9C421ED0A3F54C439C428D
:105E98001AD003F580639C4216D003F580639C42B8
:105EA80012D003F580639C420ED003F544439C4214
:105EB8000AD0A3F51C439C4206D003F580639C429C
:105EC80002D01D4B9C42BCD17B681A68936843F48E
:105ED800804393602368727F23F0787343EA4253C8
:105EE80023602368B27F23F4F81343EA0243236054
:105EF800F37F1BB1A36843F40043A36096F82030F6
:105F08001BB1236843F000532360236843F0010367
:105F18002360E3699A02FCD5E3695B02FCD5D8F8F3
:105F28002830384698478EE76FF057058BE76FF0B3
:105F3800120588E700100140000C00582DE9F041D7
:105F4800436802460D461C6803691E680B79012BDD
:105F580017D0981E41424141890295F805E0AF7972
:105F6800BEF1020F96BF3C484FF4005C30F81EC0EB
:105F7800022F09D0042F01D0002B63D04FF480509A
:105F880005E04FF4C061E8E7002B58D00020A3F1EA
:105F98000308B8F1010F04D86FF085031846BDE86F
:105FA800F0810BB1042FF7D0BCF5805F4CD0BCF565
:105FB800405F4BD0BCF1000F0CBF012303239E456B
:105FC800EAD104F046FB8742E6D1EB791BB3012BFB
:105FD8003ED1224B9C421ED0A3F54C439C421AD082
:105FE80003F580639C4216D003F580639C4212D06F
:105FF80003F580639C420ED003F544439C420AD0CB
:10600800A3F51C439C4206D003F580639C4202D052
:10601800134B9C42C0D123682946104623F0010344
:106028002360FFF727FE03460028B5D1226842F017
:106038000102226095E8030086E80300AEE74FF00E
:106048008050B1E71846AFE70023B8E70223B6E768
:10605800032BBED0A0E700BF5CCA000800100140B7
:10606800000C00584FF0E0230D4A9969126818692E
:106078009B69002908BF1146002B08BF134610F47E
:10608800803F084801D1994205D201681144016056
:106098004FF0E021096900681044C01A704700BF3A
:1060A800E8290024E4290024094B1022002083F861
:1060B80023204BF68032074B1A604BF67F32064B93
:1060C80018604FF0E0235A61072298611A617047FF
:1060D80000ED00E0E8290024E4290024684620F0C7
:1060E80007018D4619B5FFF7BDFF1449144B086821
:1060F800D3E90042001942F10002C3E90002114A43
:1061080000230B604BF68033D2E90041001BB0FB43
:10611800F3F043431B1941F10001C2E90031EFF3E9
:106128001181102383F31288BFF36F8F01F016FAE1
:10613800FDF712FABDE8194085467047E4290024A6
:1061480018030024100300242DE9F041384E91B1C2
:10615800421C0AD14FF0E022136923F001031361B6
:106168004FF07F433360BDE8F0813468012807DCD5
:106178004FF000080BE0431C3468F7D14FF4AE70C1
:1061880040F25D139842A8BF184600F1FF38EFF3BC
:106198001185102383F31288BFF36F8FFFF762FF17
:1061A800244F4FF0E023D3F818C0D7E90023801814
:1061B8004FF0000243F10003C7E900031E4B1A60C9
:1061C8001E4B1A68831A2DD44BF6803E0EFB0833FB
:1061D80003F53B437F33B3FBFEF1131A40F6B832A5
:1061E8000EFB0133934238BF1346154A934228BF2A
:1061F80013464FF0E0223360013B9069536100235E
:106208008445ACEB00019361D7E900320DD20C4410
:10621800E31842F10002C7E9003285F31188BFF3A1
:106228006F8FA0E740F6B833E3E7CB18F1E700BF7C
:10623800E829002418030024E4290024100300247A
:1062480000E2FE0038B5EFF31185102383F31288BE
:10625800BFF36F8F084B1C68084B1B68E41AFFF7E5
:1062680001FF85F31188BFF36F8F4BF6803320440D
:10627800B0FBF3F038BD00BF18030024100300245E
:1062880038B5EFF31185102383F31288BFF36F8FAE
:10629800044B1C68FFF7E6FE85F31188BFF36F8F88
:1062A800204438BD1803002437B5044602F0F5F938
:1062B800054614B9012003B030BD94F841302BB91C
:1062C800204604F068FC41F28833A3642168204624
:1062D800A3680A68013B22F4F85242EA03220A60E2
:1062E8000022A36C202100932B4604F02CFC0028EC
:1062F800E0D12168E569E3680A682B43256A22F042
:106308007F422B43656822F0D00243EA05631343BA
:106318000B602168D4E905324D681343226943EACA
:106328000243074A2A4013434B602268136843F02C
:10633800010313600123606484F84130BBE700BFA8
:10634800FEF8E0FF38B50368044699681A684807FC
:1063580034D5550332D594F84120122A14D1226835
:106368009168480703D4204604F096FD38BDE16AD9
:10637800F9B1626A127883F82020626A0132626297
:10638800E26A013AE262EAE794F84120222AEAD175
:10639800226891684907E6D5A16B51B193F820109E
:1063A800226B1170226B01322263A26B013AA26345
:1063B800EEE7136823F480231360D4E78D076CD5C8
:1063C80090036AD50222DA602268136823F4E02376
:1063D800136094F84130122B14D123681A685107BE
:1063E80009D51A6822F004021A60E36B1A68D368A8
:1063F80023F00103D3600123204684F8413003F0E1
:1064080009FFB3E794F84130222B27D123681A6893
:1064180052071DD51A6822F004021A60E36B1A6845
:10642800D36823F00103D3600123204684F8413068
:1064380003F0EDFE9AE7A26B002AF5D093F820103E
:10644800226B1170226B01322263A26B013AA263A4
:106458002268926812F47C5FEDD1E5E794F8413048
:10646800022B06D10123204684F8413003F0CCFEEC
:106478007CE794F84130082B7FF478AF22682046F7
:10648800536923F040635361012384F84130636CFE
:10649800002B3ED104F0FFFC68E70D0712D510036E
:1064A80010D50822DA6023681A68550206D51A68DA
:1064B80022F410221A60012384F84130204603F0A8
:1064C800ACFE53E7C80727D5D50325D50125DD60E0
:1064D8002268136823F470231360636C43F002038B
:1064E800636423681A68500710D51A6822F00402FA
:1064F8001A600F4AE36B9A65E06B04F03DFA0028D6
:106508003FF434AF636C43F004036364204684F8BB
:10651800415003F073FE29E7C9067FF527AFD20281
:106528007FF524AF10222046DA6003F079FE1DE7DC
:1065380065AE0008002852D02B4A936903F4404303
:10654800B3F5404F1FD1294B294A0344934242D9FE
:10655800284B294A034493423FD9284B98423ED8B6
:10656800002327490A6822F00F021A430A600A68C2
:1065780002F00F02934234D0086800F00F00C01AEE
:1065880018BF01207047936903F44043B3F5004FE7
:106598000ED11C4A1C4B02449A421AD91B4A024487
:1065A8009A4218D91A4A02449A4216D90133D5E7B1
:1065B800184A194B02449A4209D9184A02449A4285
:1065C80007D9174A02449A4205D9164AEBE7042329
:1065D800C7E70323C5E70223C3E70123C1E7012077
:1065E80070470020704700BF00480258FFC4A7F753
:1065F800FFE0F5057FE2D3FB7F1D2C04801D2C04F2
:1066080000200052BF4C2AF6BF3B47037F8871F930
:106618003FC4B8FCFF6A45F53FA5AE023F10F4F74A
:106628007FB5A2FABF5A51FD024B03600248C01A57
:1066380040097047B8B70008D8B9000870B50546D2
:10664800C8B1047874B10D4C0D4EB44201D3002486
:1066580008E02168A94207D1204604F06AFC002816
:1066680008BF0024204670BD2846F9F70BFE002815
:10667800F2D02034E9E70446F4E700BFB8B70008D1
:10668800D8B900082DE9F843064610B304782CB1B0
:10669800114CDFF84880444503D300242046BDE868
:1066A800F883E56905B12D68204604F042FC28B15D
:1066B80025B1D5F800900027B94501D12034EAE783
:1066C80055F8041F3046F9F7DDFD0028E6D00137FC
:1066D800F2E70446E2E700BFB8B70008D8B90008F7
:1066E80038B5EFF31185102383F31288BFF36F8F4A
:1066F800064B9C6804F030FC85F31188BFF36F8F5C
:106708002046BDE83840FCF737BF00BFEC2900241D
:1067180038B50A4B53F82040013053F82050A542B1
:1067280000D838BD606830B1037EDB0701D404F0BF
:10673800DFFB0834F3E723689847FAE704CA000840
:1067480070B52E4B01222E4C86B02E4D03201A70A8
:10675800FFF7DEFF00F0CCFFAC4218D12A4C042032
:106768002A4DFFF7D5FF26463034AE4215D3264CC6
:1067780000F0CAFBAC422CD300F0DAFB01F065FC58
:10678800234A938923F00103938106B070BD54F81E
:10679800043B002BE2D09847DEE754F80C3C059305
:1067A80054F8103C049354F8143C039354F8183CE0
:1067B800029354F81C3C019354F8203C009354E98C
:1067C8000A2354E90C0100F085F954F8303C5E6561
:1067D800C9E7D4E90A23B3F1FF3F08BFB2F1FF3F8D
:1067E80005D052EA0301206803D104F030FD3034AB
:1067F800C0E70849183000F021FEF8E7442B0024D0
:106808008CBD00088CBD0008C0BC0008C0BC0008D6
:10681800D803002487B1000870B5B823144E86B099
:10682800012203FB0066134B134D044605930F2307
:106838001249CDE9033200234FF4A072CDE90133A8
:10684800142302FB001103FB00550D4B3046009545
:1068580000F040F9337C2C74013423F00403EE601B
:106868003374084B03EBC4236B6006B070BD00BFE4
:10687800200300248AED0008EC290024483D002468
:1068880037B00008483500247FB50020FFF740FFE7
:10689800244B83F30888244D0024F02385F8223004
:1068A800EC772C766C76AC7685F820406B6A43F4EE
:1068B800E0236B62FCF778FDFCF748FE4FF0FF33EE
:1068C8001A48AB62EB6200F09BF9194DFAF720F910
:1068D8000120FFF71DFF0220FFF71AFF00F052FB0F
:1068E800144B4FF4806214495D612846134B0094A1
:1068F80005930123CDE90144CDE90343104B00F092
:10690800E9F82B7C0646284623F004032B7404F090
:10691800F9FB2046FFF780FF094A31462846FCF775
:10692800F7FD00BF483D002400ED00E0900400247E
:10693800D8030024EC290024883E00248FED0008A9
:106948004967000838B5064C064DAC4201D3002013
:1069580038BDD4E901122046183404F042FBF4E7AC
:1069680070010024880100241FB5054CCDE90023DF
:106978000A460021029404F0F2FA04B010BD00BFE8
:106988005784000870B5EFF31186102383F312883B
:10699800BFF36F8F0468A0421BD0D4B1002504F167
:1069A8001800D4E9003213605A60237CA56023F0F4
:1069B8000203C4E90055237404F0B4FC2046C4F86B
:1069C800B45004F09FFB31460748BDE8704004F01E
:1069D800FCBBD0E902329A4218BF0133836086F3C8
:1069E8001188BFF36F8F70BD452B002413B5EFF3EB
:1069F8001181102484F31288BFF36F8F846844B127
:106A0800013C846081F31188BFF36F8F002002B0CE
:106A180010BD52EA030406D181F31188BFF36F8FCA
:106A28006FF00F00F3E7CDE900230246014800F0BC
:106A380049FAECE7452B002410B5044608B9054B84
:106A48009C681F2204F17C0004F0BDFD002084F83E
:106A58009B0010BDEC2900242DE9F0470C4681B3BA
:106A68007AB390F81090561E174F00256019B9F1A7
:106A7800000F04D104F805902046BDE8F087B7F868
:106A880004A019EA0A0F1AD0A6EB0508FB88396892
:106A9800984528BF98464246454404F036FD39EAF1
:106AA8000A090CD0A6EB050860190849B8F1010FCE
:106AB80028BF4FF001084544424604F026FD083738
:106AC800D4E7034CD8E700BF1CCA000894ED0008BF
:106AD80098CD00082DE9F04F984685B000F158038D
:106AE80007320F46002622F0070A0446866001EBAB
:106AF8000A055246C673AA21DDF838B0DDF84C9075
:106B0800C0E91633129B838104230374119BC0E9E7
:106B180006668373384604F01FFD29462046FCF7B5
:106B280049FA0730109B394620F00700C4E9277A54
:106B3800C4F8A4002D1A029320460F9B2A46CDE9DB
:106B480000B34346FCF7CCFC0F9B66652367109B9C
:106B5800C4E91A8B6367EFF31183102282F312885A
:106B6800BFF36F8F0F4F3A6A3C62A26783F31188B5
:106B7800BFF36F8FB9F1000F11D01F22494604F1FE
:106B88007C0004F020FD84F89B60BB680BB1D3F84F
:106B9800A8302846C4F8A83005B0BDE8F08F84F8BE
:106BA8007C90F2E7EC290024F0B5002587B0044674
:106BB8000595109D04950F9D03950E9D02950D9DBD
:106BC80001950C9DDDE912760095FFF783FFB6F17C
:106BD800FF3F08BFB7F1FF3F05D056EA070305D1CD
:106BE800204604F034FB204607B0F0BD3A46334651
:106BF80004F11800014900F021FCF4E787B100080E
:106C08000123037483810023C0E92733C0F8A83027
:106C1800014B9860704700BFEC2900240A4A6FF0C6
:106C28000A019368C3F8B4100849C3F8B0004B6868
:106C380043F080534B60002383F31188BFF36F8FB9
:106C48009368D3F8B4007047EC29002400ED00E005
:106C580070B590F91020037C002A2FDBD9062DD1BE
:106C68001A4C63F07F0322460374E16952F8183F17
:106C7800934207D1C0E900210860E0610FE0994222
:106C8800F8D01B68002BF5D093F90E6090F90E50E0
:106C9800AE42F4DD5968C0E9003108605860A56962
:106CA800954200D005B9E568A3681A7CD20606D1DA
:106CB800DA897F2A03D9AA690AB9636170BDAB4230
:106CC80002D0284600F0E0FA6561F7E7EC290024D5
:106CD80038B590F910200146037C002A04DA03F045
:106CE8007F03037404F0D6F90D4D2A46AB6852F8B9
:106CF800184F944200D004B9EC688B4207D01A7C34
:106D0800D20604D1DA897F2A01D9A2692AB1A3421D
:106D180002D0204600F0B8FA23466B6138BD00BFA8
:106D2800EC290024B3F1FF3F08BFB2F1FF3F03D0C5
:106D38000249183000F082BB704700BF87B10008D5
:106D4800034648B9EFF3058232B9064A5169926899
:106D5800914201D0FFF762BF83F31188BFF36F8FB1
:106D6800704700BFEC29002438B5184CA168E069C9
:106D78000B68814214BF1A46002249680B605960AB
:106D8800A368E1692AB9124AC3E900210B60E361EB
:106D98000AE092F90E5093F90E00854212DD51680F
:106DA800C3E900210B605360A569094B9D4200D0DF
:106DB80005B9E568A3689D4202D0284600F064FA48
:106DC800656138BD8A42DED01268DBE7EC29002411
:106DD800042A0024F8B5394C0546A268824224D119
:106DE800EFF305830BBBEFF31186102383F31288AF
:106DF800BFF36F8F137C03F07F0343F0100313740A
:106E080004F048F9234653F8185F9D4200D005B9AD
:106E1800E568A3689D4202D0284600F035FA30465E
:106E28006561BDE8F840FFF7F9BEEFF3118710235D
:106E380083F31288BFF36F8F2B7CD90604D587F3B1
:106E48001188BFF36F8FF8BDD90943F010022BD119
:106E58002A74A6691A4B9E4200D006B9E668A36850
:106E6800B34202D0304600F00FFAA36866619D4233
:106E7800E5D1EFF30583002BE1D1AA89D20711D51B
:106E880087F31188BFF36F8F83F31188BFF36F8F78
:106E98000423184602DFEFF31187102383F31288C7
:106EA800BFF36F8F3846BCE703F07F03284643F0F3
:106EB80010032B7404F0EEF8CBE700BFEC29002494
:106EC800042A0024F8B50E4B0C4611460D4A986862
:106ED800DDE906671060EFF31182102282F3128851
:106EE800BFF36F8F9D68284604F0E6F828463246BF
:106EF8003B46FFF717FF2046BDE8F840FFF78EBE78
:106F0800EC290024102A0024EFF31181102383F3C5
:106F18001288BFF36F8F054B9A68D37B013BD373FD
:106F280081F31188BFF36F8F704700BFEC290024ED
:106F380070B5EFF31186102383F31288BFF36F8FB8
:106F48000F4DAB68DA7B0132DA732A4652F8184FD4
:106F5800944200D004B9EC681A7CD20604D1DA89CC
:106F68007F2A01D9A2692AB19C4202D0204600F0AA
:106F78008BF9234630466B61BDE87040FFF7E0BEF1
:106F8800EC290024024B03F11802C3E906227047DA
:106F9800EC29002410B5EFF31184102383F3128831
:106FA800BFF36F8F84F31188BFF36F8F084B1B7883
:106FB8000BB9002010BD04F051F80028F9D1002CBD
:106FC800F7D1044B9868044BC01A18BF0120F1E7A9
:106FD800442B0024EC2900242003002470B5EFF38F
:106FE8001186102383F31288BFF36F8F1A4CA168A0
:106FF800E0690B68814214BF1A46002249680B6099
:107008005960A368E1692AB9144AC3E900210B60F1
:10701800E3610AE092F90E5093F90E00854216DDFD
:107028005168C3E900210B605360A5690B4B9D4271
:1070380000D005B9E568A3689D4202D0284600F053
:1070480023F930466561BDE87040FFF7E7BD8A4225
:10705800DAD01268D7E700BFEC290024042A0024FC
:10706800F8B550EA010306460C4603D1FFF7B6FF10
:107078000020F8BDEFF31187102383F31288BFF3C4
:107088006F8F124D124BA8681860FFF721FEA86891
:10709800234632460F49183000F0D0F9AA68044652
:1070A8003846137C43F004031374FFF7B7FDAB684D
:1070B800D3E90A23B3F1004F08BF002AD8D104F05E
:1070C80066F9201A20EAE070D3E700BFEC29002413
:1070D800102A002487B10008014B9868704700BF48
:1070E800EC2900242DE9F84304468789EFF311863B
:1070F800102383F31288BFF36F8F037C190705D51C
:1071080086F31188BFF36F8FBDE8F883D90943F080
:10711800080272D10274A36813B1204603F0C2FFBB
:1071280004F1180004F1580804F0FCF8A56DA8450E
:1071380011D04FF0000975B1284603F0B3FF05F1EF
:10714800180004F0EFF82846C5F8B490FFF780FD62
:10715800A56DA845EFD1DFF8C480D8F808309C4267
:1071680053D1EFF30589B9F1000918BF4FF00109B0
:10717800D8F818502A4A954200D00DB9D8F80C50C2
:10718800AB4202D0284600F07FF82046C8F81450D9
:1071980002F099FC204600F0C7F8B9F1000F02D0C0
:1071A8002048FFF72DFDD8F808309C4230D1EFF386
:1071B80005836BBBA289D20711D586F31188BFF36B
:1071C8006F8F83F31188BFF36F8F0423184602DF94
:1071D800EFF31186102383F31288BFF36F8F3046C5
:1071E800FFF71CFDFB078FD5002383F31188BFF33E
:1071F8006F8F0423184602DF86E703F07F0343F00E
:107208000803037403F046FF85E74FF00009AFE772
:1072180086F31188BFF36F8FE4E700BFEC290024E1
:10722800042A002490040024027C034612F01F0262
:1072380010D10A4988420DD00949086868B1D9892E
:107248007F2909D893F90E20064B1B689A42B8BFCC
:107258000020704700207047104670472003002424
:1072680020010024142A0024044B0122C01A044BD4
:10727800C0105843034B1A54704700BF48050024F8
:10728800ABAAAAAA462B00240C4B70B50C4D1E7C49
:10729800FFF7CAFF1823044603FB0655284604F0E7
:1072A80041F8084B00229A553CB1621E284606490F
:1072B800D317BDE8704000F0C1B870BDEC290024B8
:1072C80048050024462B00247172000838B5EFF3F6
:1072D8001185102383F31288BFF36F8F0F4B104A69
:1072E8009C681068A04206D1FFF7CEFF85F311888D
:1072F800BFF36F8F38BD00211B7C1160094AD35C36
:10730800002BF3D02046FFF78FFF0028EED0237C18
:10731800DB0601D1FFF728FD2046E5E7EC2900242C
:10732800102A0024462B0024EFF31181102383F345
:107338001288BFF36F8F0A4A136A834207D19B6F83
:10734800136281F31188BFF36F8F70471346002BC8
:10735800F7D09A6F8242F9D1826F9A67F1E700BF3E
:10736800EC290024F8B505460E46EFF311871023E3
:1073780083F31288BFF36F8F064B1C6A24B987F317
:107388001188BFF36F8FF8BD20463146A847A46F18
:10739800F4E700BFEC290024F8B506460F46EFF3E2
:1073A8001183102282F31288BFF36F8F0B491546A1
:1073B8000C6A24B983F31188BFF36F8FF8BD83F388
:1073C8001188BFF36F8F39462046B047EFF311831A
:1073D80085F31288BFF36F8FA46FEAE7EC290024C6
:1073E800024B1868984208BF002070472401002407
:1073F800034B1B680BB9FEF725BF0020704700BF81
:10740800182A002430B570B10B4B5B6898420AD03B
:10741800036843B1D3E90421D0E90445121941EBCB
:107428000501C3E90421D0E9003213605A60002342
:10743800C0E9003330BD00BF24010024B3F1FF3F91
:1074480008BFB2F1FF3F2DE9F84F044699461546AB
:107458001F467AD08160EFF31188102383F31288D6
:10746800BFF36F8FB9F1000FDFF8E4A020DBFFF75F
:10747800BFFF0135064649F100092D18DAE9002752
:1074880049EBE0734FF00109C4E90453AD1843EB2D
:107498000707FFF7A5FFDFF8BCE00346DEF804A006
:1074A800EBB9C4E900EACAF80040CEF8044028E085
:1074B800DAE900126FF001035B1A4FF0FF3161EB5C
:1074C80002025B1B62EB0902012B4FF0000972F10B
:1074D8000001BCBF01230022C0E90432D9E7D3E987
:1074E800041CD4E904208A4270EB0C0B24DA891AB4
:1074F8005A686CEB0000C3E90410C4E90032146058
:107508005C60FFF76DFF84420ED1134B1B685BB9BB
:10751800B9F1000F02D1FFF76BFF0646304603F0C2
:10752800EAFE0021FEF710FE88F31188BFF36F8F83
:1075380028463946BDE8F88F521A60EB0C005345CF
:10754800C4E90420ADD01B68AAE700252F46EFE761
:107558006005002424010024182A00242DE9F0479E
:10756800DFF8A8900D46DFF8A8800026002702461D
:10757800C9F80000FFF734FF4FEAE27ED8E90013AC
:1075880050B1D0E9044CA2427EEB0C0A1BDAA41AD3
:107598006CEB0E06C0E9044652184FF0000443EBAA
:1075A8000E032046C9F80040C8E9002303F0A3FEF3
:1075B8002146FEF7C9FD85F31188BFF36F8FBDE83B
:1075C800F047FFF783BE611843EBE473C0E9046733
:1075D800C8E90013FFF716FF01224FF00043C0E986
:1075E800042385F31188BFF36F8F83689847EFF3FF
:1075F8001185102383F31288BFF36F8FD9F8002009
:10760800121BC9F80020FFF7EBFEB5E7182A002483
:107618006005002410B5EFF31184102383F312885A
:10762800BFF36F8FFFF7E4FE054A0346D2E9000176
:10763800181841EBE37184F31188BFF36F8F10BD05
:107648006005002470B50546EFF31184102686F313
:107658001288BFF36F8F03F065FE20B184F31188A1
:10766800BFF36F8F70BD6B6A63B184F31188BFF38A
:107678006F8F6B6A28469847EFF3118486F3128858
:10768800BFF36F8F05F1180003F089FD0028E5D0DE
:1076980003F038FD21460248BDE8704003F095BD6F
:1076A800472B002473B50446EFF31186102383F3A8
:1076B8001288BFF36F8F8368594003EA02050A40B6
:1076C8000A495340002200936B46019203F0DFFD04
:1076D80004F10C003146DDE9003223EA0203A3601D
:1076E80003F073FD284602B070BD00BFB5B40008B2
:1076F800014800F033BF00BFCFED0008F8B5504A8D
:107708000D460023D0E90001F8F752FD002AAEBF6C
:107718004C4B4D4B02F5A8320446B8BF02F5C07277
:10772800E41841F100064FF46161B2FBF1F301FB8B
:1077380013223C21E01CAB60B2FBF1F301FB1322E6
:107748006B602A6046F1000107220023F8F730FD3C
:10775800002A55DA0732AA613C483D4A20184FF002
:10776800000366F10001F8F723FD394B03FB1044D1
:1077780048F6AC61B4FBF1F1214440F2B457B4FBD4
:10778800F7F3C91A334BB4FBF3F3C91A48F69463F9
:10779800B1FBF3F3234440F26D16B1FBF6F2B1FBF3
:1077A800F7F15B1A06FB1233992103EB83040234C9
:1077B8005E1CB4FBF1F7794302314FF0050CB1FBC5
:1077C800FCF1761A40F2F9518C428CBF6FF0090136
:1077D80002214FF4C874394404FB0020012998BFE2
:1077E8000130B3F5997F13D3A3F59973EB61A0F238
:1077F8006C700023C5E90410EE602B622846F8BDC2
:10780800002EAA61A8DB124A002320463146AAE7C7
:10781800970710D14FF0640C92FBFCF70CFB17276D
:107828005FB992FBF4F704FB1722B2FA82F252090D
:107838003B331344DAE70022FAE70122F8E700BFF6
:10784800805101006CFA0A006BFA0A0050C5FDFF6E
:10785800B13A0200B03A02000CB430B58BB004461D
:107868000D462022002102A803F076FE02238DF89F
:107878000A30002D0C4B0393069412DB01D06B1ECB
:107888001C440FAA0E99079402A8019200F098F9D7
:1078980015B1069B00221A700BB0BDE8304002B04B
:1078A80070470024EDE700BFE7B600080EB470B5D6
:1078B8008BB00FAD044655F8046B2022002102A8B6
:1078C80003F04AFE02238DF80A302A46084B039338
:1078D800314602A80694019500F072F90028A4BF69
:1078E800002323540BB0BDE8704003B0704700BFBD
:1078F800E7B60008242A2DE9F041054601D8012AF7
:107908000AD1FBF799FE344B16221A5001B10D60CB
:107918000020BDE8F0813046064616F8014B202CC1
:10792800F9D0A4F10907042F2346F4D92B2C32D01F
:107938002D2C33D14FF0010C3378861C302B34D1E9
:10794800307840F0200078282BD132F0100028D170
:1079580073783546102202360CF10047013F0020AB
:10796800B7FBF2FE02FB1E78392B82BF03F1FF330F
:1079780043F02003263B303B9A421DD9704502D87C
:1079880017D1984515D24CF0020C3446354614F8F8
:10799800013B2646E8E74FF0000CCDE74FF0000C1E
:1079A800CCE7002A08BF0822D6E7002A08BF0A2227
:1079B800D2E700FB0230E8E701B10D601CF0010FCF
:1079C80018BF40421CF0020FA3D0FBF735FE024B54
:1079D80022221A5038469CE70C000000242AF0B5F1
:1079E800044601D8012A40D1FBF726FE2D4B16226A
:1079F8001A5001B10C600020F0BD2F463D4615F825
:107A0800010B2028F9D0A0F10906042E0346F4D969
:107A18002B282CD02D282CD101262B78BD1C302BBF
:107A28002DD1287840F02000782824D132F0100099
:107A380021D16B782C46102202350020392B82BFC9
:107A480003F1FF3343F02003263B303B9A421AD917
:107A5800A0FB02040CB9C01801D346F002062F4659
:107A68002C4617F8013B3D46E8E70746C6E70026DF
:107A7800D3E70026D3E7002A08BF0822DDE7002A5B
:107A880008BF0A22D9E701B10C60F20748BF40429B
:107A9800B307B1D5FBF7D0FD024B22221A504FF0A5
:107AA800FF30A9E70C000000242AF0B507460D4670
:107AB80001D8012A0AD1FBF7BFFD404B16221A5004
:107AC80005B12F6000200146F0BD3046064616F885
:107AD800011B2029F9D0A1F10904042C0B46F4D983
:107AE8002B293DD02D293ED14FF0010C3378861C2F
:107AF800302B3FD1317841F02001782936D132F04E
:107B0800100133D17378374610220236002001461F
:107B1800392B82BF03F1FF3343F02003263BA3F147
:107B28003004A24236D94FF0000E39BBA0FB0273D5
:107B380038461946BEF1000F0AD13F1953F1000328
:107B480028BF4FF0010E38461946BEF1000F01D08C
:107B58004CF0020C3446374614F8013B2646D7E76A
:107B68004FF0000CC2E74FF0000CC1E7002A08BF35
:107B78000822CBE7002A08BF0A22C7E7A2FB013187
:107B8800A0FB02701B1841F100010029D0D04FF072
:107B9800010ECDE705B12F601CF0010F02D0404265
:107BA80061EB41011CF0020F8ED0FBF745FD034B42
:107BB80022221A504FF0FF3085E700BF0C0000006A
:107BC8002DE9F04F8BB04368009383789C0780467B
:107BD800924640F1F98000250878002800F0F680E8
:107BE80025280AD04B1C019301354146009B984734
:107BF8000028C0F2E3800199EEE74E788B1C252E11
:107C08000193F1D00027B9463C460A221F2C22D8FE
:107C1800A6F12003102B20D8DFE803F0141F1F1A49
:107C28001F1F1F0B1F1F1F121F171F1F090044F0C4
:107C38000104019B13F8016B0193002EE6D13AE091
:107C480044F0020444F00404F3E744F00804F0E7C5
:107C580044F01004EDE77F2C24D8A6F13003092B5B
:107C680008D860064EBF02FB073702FB093944F00B
:107C78002004DEE72A2E0DD161065AF8043B53D4BE
:107C8800002BA7BF44F020049946C3F1000944F033
:107C98002804CEE72E2E05D1630600F1978044F024
:107CA8004004C6E76C2E2ED028D8682E32D06A2E13
:107CB80037D04C2E35D0002F46F02003B8BF24F023
:107CC8004004A3F16502BCBFA4B20027022A01D96F
:107CD800612B2BD10AF1070A2AF0070A9C4E0AF1F8
:107CE800080A0727210760D506EB070B34465C45D1
:107CF8005DD1AE1BA219A9EB070959E1742E98D0E2
:107D08007A2E96D0D7E7260648BF44F4007444F08C
:107D180080048EE7E00548BF44F4007444F480749E
:107D280087E744F4207484E71F4682E7A6F16302DC
:107D3800122A00F2D880DFE812F013004D00D600B6
:107D4800D600D600D6004D00D600D600D600D60004
:107D5800D600E800D100D600D6001A00D600A00050
:107D68005AF8043B8DF81030012704AEBAE75AF8E8
:107D7800046B784B002E08BF1E4614F0400F14BF4A
:107D880039464FF0FF31304603F030FC0746A9E78B
:107D9800009B41462020984700280FDB013CA74262
:107DA800F6D34D442D1BA1469EE74C46F7E714F841
:107DB800010B009B41469847002898DA98F8023052
:107DC80043F0040388F802304FF0FF3528460BB023
:107DD800BDE8F08F220630D5A3052AD50AF1070A97
:107DE8002AF007039A4659685AF8080B24F0100B32
:107DF80000291FFA8BFB2FDA404261EB41014BF45B
:107E0800806B04AC0A23224603F012FC1BF0400FDF
:107E1800A0EB040200F08E802BF001049742A4B27C
:107E280040F38F80002E40F08E802BF01104A4B216
:107E38001DE05AF8040BC117D8E7E0055AF8041BEF
:107E480001D40846F7E7A2054BBF48B208B241F390
:107E5800C01141F3C031C9E750EA0103D1D163062B
:107E6800CFD5002FCDD124F01104A4B23A463B4619
:107E780040F206410C4262D124E024F01004A4B27E
:107E88000A2314F0800243D014F400711FBF0AF1D2
:107E9800070A2AF007029246516814BF5AF8080BDD
:107EA8005AF8040B50EA01023ED124F0160B620680
:107EB8001FFA8BFB3CD5002F3AD124F01704A4B24B
:107EC8003A463B4621075AD4E10705D5994572DD64
:107ED800A9EB03039F184B469B464AE044F0100465
:107EE80010237826CDE7782B04D1C6F1780343F028
:107EF8001003C6E7009B4146252098470028FFF657
:107F08005DAF02354146304670E608230026B8E7E3
:107F180014F480715AF8040BC4D014F400711ABF19
:107F2800C0B2114680B2BDE724F006041FFA84FBF4
:107F380004AC68E713465C46E10699D52EB90133CF
:107F4800C0E71346F8E73B46F6E70233BAE700BF57
:107F580010EE000809EE0008CDE902324146009B08
:107F6800202098470028FFF629AFDDE902320BF1FF
:107F7800010BD945F0DCEB1A03EB0B055B46E10678
:107F880027D5CDE902324146009B3020984700288A
:107F9800FFF614AFDDE902327EB901352F44791BB3
:107FA8008A4229DB144604AE9CBB2A44A9EB030988
:107FB8001546914442E017468EE7CDE90232023574
:107FC80041463046009B98470028DDE90232E5DA51
:107FD800F4E640F206410C42E0D014F0020F14BF60
:107FE8002B20202014F4806FCDE9023205F1010521
:107FF800414618BF2D20E5E7CDE902324146009BF6
:10800800302098470028DDE9023205F10105C6DA7B
:10801800D4E6013CCDE90232305D009B41469847E9
:108028000028DDE90232BFDAC8E6009B414620207D
:108038009847002805F10105FFF6C0AEA9EB050336
:10804800002BF2DCD7E500BF704708B500214FF4DC
:108058007A7003F0E3F8F9E7836800EBC101B3F540
:10806800004F2CBF51F8220031F81200704700EB86
:10807800C1018068B0F5004F2CBF41F8223021F8CB
:1080880012307047012208B5FFF7E6FFD04008BD5F
:10809800836800EBC101B3F5004F08D34B681AB1F0
:1080A80043F001034B60704723F00103FAE74B8864
:1080B8001AB143F001034B80704723F00103FAE73C
:1080C80053000122FFF7D3BF08B58368B3F5004F0B
:1080D80006D3FFF7D7FF01288CBF0020012008BD79
:1080E8000020FCE78368B3F5004F34BF042308235E
:1080F800C91A081AC00870478368B3F5004F28BF2B
:108108000139B1FA81F0C0F11F0070472DE9F04143
:108118000E46174603220446FFF79EFF8642054691
:1081280007F104080AD10122E368BA4023EA0203EE
:10813800E360002344F82830BDE8F081314602228C
:108148002046FFF789FF06462B46014603222046B4
:1081580044F82850FFF78BFF334629462046022271
:10816800BDE8F041FFF783BF38B504460D46FFF779
:10817800ABFF70B929462046FFF784FF0146204629
:10818800FFF7BAFF294602462046BDE83840FFF708
:10819800BDBF38BD2DE9F04705468946FFF7ACFF5E
:1081A800064605EB800ADAF8107077B901364FF009
:1081B800FF34EB68B4401C4015D094FAA4F2B2FA2C
:1081C80082F2131D55F8234009E03C464FF003089E
:1081D80021462846FFF756FF484507D33246214631
:1081E8002846FFF793FF2046BDE8F0872146032283
:1081F8002846FFF731FFB8F101080446CAF8100015
:10820800D4D08742E4D1D1E72DE9F04114460E4697
:108218000546FFF737FF371BA4EB0608314607442E
:1082280042462846FFF74CFF3A4621462846FFF7C4
:1082380047FF4346002221462846FFF718FF2146FC
:108248002846FFF71FFF3B46211800222846BDE8B5
:10825800F041FFF70CBF2DE9F041164604460F46E2
:10826800FFF710FF054631462046FFF70BFF054490
:10827800394620462A46FFF723FF31462046FFF7B6
:1082880001FF2B46311800222046BDE8F041FFF7D8
:10829800EEBE2DE9F04104460D46FFF715FFB8BBC9
:1082A80029462046FFF7EEFE01462046FFF724FF49
:1082B80004EB80010E6996B90122E36882402046EA
:1082C80013430222E3602B460D612946FFF7CFFED8
:1082D800032229462046BDE8F041FFF7C8BE022226
:1082E80031462046FFF7B8FE294603460746204692
:1082F800FFF7BDFE0322334629462046FFF7B7FEA7
:1083080039462B462046FFF7B2FE02223146E1E706
:10831800BDE8F08170B500295CD0056801222846C7
:10832800FFF7E0FE014604462846FFF795FE104099
:1083380006D180F31188BFF36F8F0423184602DF3C
:1083480021462846FFF79EFE261800222846314679
:10835800FFF782FE361AB44206D082F31188BFF3C3
:108368006F8F0423184602DF002221462846FFF7B4
:108378008FFE2146FFF786FE261801222846314641
:10838800FFF76AFEC20708D431462846FFF7ECFE1D
:10839800324621462846FFF75EFF0022214628463E
:1083A800FFF75AFE261A012228463146FFF754FEE7
:1083B800C30709D431462846FFF7D6FE224634467D
:1083C80031462846FFF747FF21462846BDE870405A
:1083D800FFF75FBF70BD70B5056809B9002070BDB3
:1083E800AB6801F007042846B3F5004F04F1070411
:1083F80034BF042208221444E40804EBD1049C424C
:1084080028BF1C462146FFF7C5FE06460028E5D0D2
:1084180001462846FFF736FEA04209D934443146C2
:1084280028462246FFF7F0FE21462846FFF731FF8F
:10843800284601223146FFF72BFEAB68B3F5004F03
:1084480034BF0423082303EBC6031844C7E71146C7
:10845800FFF7C1BFB2F5802F34BF04230823D21A17
:108468002DE9F0418C18CD1D002625F0070524F0D4
:108478000704641B05602846EE60E4082146AC60EA
:10848800FFF73AFE3146820005F1100002F11B07A2
:10849800043203F061F83146FF0828463A46A4EB57
:1084A8000708FFF70DFE3346324631462846FFF7E8
:1084B800DEFD284631460122FFF7EAFD42463946ED
:1084C800FFF7FEFD3B46324639462846FFF7CFFD0B
:1084D80021462846FFF7F4FD434632462146284602
:1084E800FFF7C5FD214628460122FFF7D1FD394691
:1084F800BDE8F041FFF7CDBEF0B4D0E90032D1E9D4
:108508000054002A16DA002C08DA5F424FF00046C1
:1085180066EB0206BD4274EB06061ADB5B1942EBFA
:108528000402C0E9003283688A6813448360F0BC9F
:10853800F8F7BAB953EA0206F0D0012D74F1000633
:10854800ECDBDE43AE426FF00046A6EB0206A64126
:10855800E3E70020F0BC7047002070470FB407B570
:1085680004A951F8040B0191F8F700F903B05DF87C
:1085780004EB04B0704770B506460C888888241A46
:108588003069A4B285B2844224BF641BA4B22D1BF7
:10859800A8B2984228BF18463368234413600B8852
:1085A80003440B8070BD70B4838985880669ED1A11
:1085B800ADB2731B934270BC28BF13460A46011D17
:1085C800FFF7D9BF70B40E460146C58831F80A3F97
:1085D800EC1AA3B2934228BF1346324670BCFFF789
:1085E800CABF4B8810B50C88E41AA4B294420ED3C3
:1085F8001A448B8892B24A800A80D21A006992B2D1
:10860800824201D2002010BD03448B80FAE76FF04C
:108618001500F8E72DE9F34106460F4615464FF0D9
:1086280000082A4601A93046FFF7BDFF044640B1BD
:10863800024639460198A04402F067FF2D1B2744E3
:10864800EFD14246311D3046FFF7CBFF404602B01E
:10865800BDE8F0812DE9F34107460E4615464FF077
:1086680000082A4601A93846FFF7ACFF044648B17E
:108678002EB1024630462644019902F046FF2D1BD2
:10868800A044EED1424607F10A013846FFF7A9FF98
:10869800404602B0BDE8F081704708B502F07BFEA5
:1086A8000A220023F7F7D4FD08BD2DE9F041406800
:1086B800C2F38016C2F3C11C02F0300544680120E1
:1086C8008E40C2F3412267688840202D27EA0007C0
:1086D80046EA070600FA01F7666007EB470ED4F88A
:1086E800088007FB0CFC07FB02F26FEA0E0628EA7B
:1086F8000E084CEA080CC4F808C0D4F80CC02CEAE0
:108708000E0C42EA0C02E2600CD1072913D807FAD2
:1087180001F2206A8A40C2EB02115A4320EA0101A1
:108728000A43226223682D0900207D431E403543F9
:108738002560BDE8F081020A616A52435243C2EBE8
:108748000210534321EA00010B436362EAE77047D2
:108758000B68834204BF01230B71704783681B6A4F
:1087680003B11847704708B54368197311B1186801
:10877800FFF7F4FF002008BD10B540681C46243000
:10878800FFF768FF2060002010BD10B5406850F862
:10879800804BFEF757FF2046FFF7E0FFA368DB6A30
:1087A8000BB120469847002010BD2DE9F0414568DF
:1087B8001E460C4617462B7B93B101EB0208A045D9
:1087C80007D137600120D5E9013198470020BDE87D
:1087D800F081286814F8011B83685B689847EEE706
:1087E80005F11000FFF716FF05F1B803012130600D
:1087F800BFF35B8F53E8002F43E800100028F9D13E
:10880800BFF35B8F002AE1D128688368DB69002BFE
:10881800DCD09847DAE72DE9F34705460C4683682C
:108828005B6C03B19847AB685B6B002B33D14FF09F
:10883800000804F1240904F1280A218E4846238DF2
:10884800626B5B1A51469BB2D31A934228BF1346F8
:1088580001AAFFF790FEAB6807469B6900283FD046
:108868000199002B37D0024628469847064600282B
:1088780018BF48F00108324651464846FFF7B1FE96
:108888000EB1BE42D9D0B8F1000F08D00020D4E90B
:108898000131984703E0284698470028C7D1AB68BC
:1088A8005B6A33BB628B04F11007E38A04F11A0890
:1088B80038469B1A226A41469BB2934228BF134608
:1088C80001AAFFF758FE0646D0B92846FFF746FF2B
:1088D800C4F8B86020E06FF057064FF00108CAE707
:1088E800002BD0D001220DF10301284698470646F7
:1088F800C6E7284698470028D4D102B0BDE8F087DB
:10890800AB6801995B6963B10246284698470246FD
:1089180041463846FFF765FE0120D4E90131984702
:10892800EBE76FF05702F3E78268002382F85C30C8
:108938008268A2F856308268A2F85430704703461D
:1089480010B5BFF35B8F53E8000F40EA010243E81C
:108958000024002CF7D1BFF35B8F10BD034610B580
:10896800BFF35B8F53E8000F00EA010243E80024DD
:10897800002CF7D1BFF35B8F10BD0EB403B503AA6B
:1089880052F8041B0192F9F787FD02B05DF804EB79
:1089980003B0704708B510B1F7F786FC80B208BD80
:1089A80000F52570FDF7EEBF4FF0FF324FF0FF33B3
:1089B80000F52570FEF71AB800F5207019B14FF4CC
:1089C8000061FFF7BCBF6FF40061FFF7C7BF00F598
:1089D800207019B14FF48061FFF7B1BF6FF4806167
:1089E800FFF7BCBF00F51F7008B529B10121FFF7DB
:1089F800A6FF00F0010008BD6FF00101FFF7AEFF10
:108A0800F7E773B5044680680E46154600F52170F1
:108A180000220023CDE9002302F074FD58B1A068BC
:108A280000F52170314602F069FD20462B4602B060
:108A3800BDE87040184702B070BD08B500F5257054
:108A4800FDF7D4FFB0FA80F0400908BD0028886817
:108A580014BF0823012300F52170194602F04BBD0D
:108A680010B5044680684FF4807100F52070FFF758
:108A780066FFA3681B7D022B02D12046F9F792F806
:108A8800A0686FF4807100F52070BDE81040FFF712
:108A980065BF10B504468068037D012B1AD14FF4D9
:108AA800FA720023FFF7C9FF10B96FF00F0010BD6D
:108AB80008212046F9F7E0FD204600F081FD6069B5
:108AC800F8F790FE2046F9F747F8A068FFF768FF27
:108AD8000020ECE76FF08500E9E7F8B504460D469D
:108AE80016461F46FEF756FA00283BD0A068037DBD
:108AF800022B07D04FF4805100F52070BDE8F840F4
:108B0800FFF71DBF4FF4FA720023FFF796FF48B333
:108B1800A368D3F88022100508D49A6C32B9D3F828
:108B28007C32990602D5204600F04CFC3B46324682
:108B38002946204600F0A4FCA368D3F88022120539
:108B480008D49A6C32B9D3F87C329B0602D52046F9
:108B5800F9F7DAFE606900F097F8A068BDE8F84018
:108B6800FFF71EBFF8BD0CB407B504AB53F8042BD0
:108B78000193FFF7B2FF03B05DF804EB02B0704752
:108B88000EB403B503AB022153F8042B0193FFF78E
:108B9800A4FF02B05DF804EB03B070470EB403B550
:108BA80003AB082153F8042B0193FFF796FF02B09B
:108BB8005DF804EB03B070470EB403B503AB0321B3
:108BC80053F8042B0193FFF788FF02B05DF804EB1C
:108BD80003B070470EB403B503AB012153F8042B5F
:108BE8000193FFF77AFF02B05DF804EB03B070471A
:108BF80070B504460D4699B10846FFF7CBFE4FF411
:108C0800FA7206460023A068FFF717FF10B96FF045
:108C18000F0070BD731C142B05D9A068FFF7C0FEA8
:108C28006FF01500F5E72946A068F7F735FBA3684C
:108C380083F83C60A068FFF7B3FE0020E9E710B5B1
:108C48004FF4FA72044600238068FFF7F6FE38B145
:108C58002046F8F78FFDA068BDE81040FFF7A0BEDA
:108C680010BD18B18368D3F8A80270476FF01500DB
:108C7800704710B48468A1648368DA6411B910BCC1
:108C8800FFF752BE10BC704710B5026904468368EE
:108C980012680168C0689847236900221A6010BDED
:108CA80038B5CB6805460C461B7C022B04D10A2834
:108CB80002D10D20FFF7F4FF236922681B68D55401
:108CC800226913680133136023691A6863689A423A
:108CD80002D12046FFF7D8FF002038BD08B510B1F3
:108CE800F7F7E2FA80B208BD2DE9F74F824601A8EE
:108CF8000D4616461F46FDF797FC804601984FF033
:108D0800000900EB4818804501D8002028E04FB939
:108D1800DDF804B0DBF8004084B9019C04F12000C0
:108D28000190F0E7012F04D002F003F90028EFD0FA
:108D3800F3E702F0FEF80028EAD1EEE72378002BEB
:108D4800EBD04DB12846F7F7AFFA21460246284640
:108D580002F027FC0028E0D12EB9D14508D10198AE
:108D680003B0BDE8F08F5846B0470028F5D1D4E7E6
:108D780009F10109D1E710B5047B43892244214454
:108D8800B2FBF3F003FB1022B1FBF3F003FB10106E
:108D9800101A10BD10B5047B438921441019B1FB8A
:108DA800F3F1B0FBF3F0401A10BD30B5057B4389F1
:108DB80029442A44B1FBF3F403FB141101340131B3
:108DC80084800180B2FBF3F103FB11224C1C0132B9
:108DD800C480428030BD2DE9F74F002607468846FB
:108DE80014469946B24606602378002B00F09E8010
:108DF800202B23D0093B042B20D93B685A1C3A600E
:108E080048F823403B684B4500F0908000262578C1
:108E1800002DE9D0002E7AD1272D03D05C2D10D05B
:108E2800222D6AD120462E46A346FFF757FF611C24
:108E38000246204602F077FB5C46E8E704F801ABFF
:108E4800D2E704F1010B2046FFF748FF59460246D6
:108E5800204602F068FBEFE75C2D55D16278964218
:108E6800F1D0302A21D102230025E25CA2F13001A1
:108E7800C9B2072916D8ED000133EDB2052B45EA32
:108E88000105F2D1591E2046019321440091FFF7B4
:108E980025FF019B0099023BC21A204602F043FBC2
:108EA8002570C9E7DBB2022BECD1782A2CD102213C
:108EB8000025635CA3F13002D2B2092A07D82D013C
:108EC800EDB215434B1C0321042BDBD0F1E7A3F1D2
:108ED8006102052A05D82D01573BEDB21D43EDB2BD
:108EE800F0E7A3F14102052A03D82D01373BEDB283
:108EF800F4E7022908D00323C4E7202D3FF474AF18
:108F0800093D042D7FF670AF04F1010B94E7B542DB
:108F180004F1010BA0D120460026FFF7DFFE5946D9
:108F280002462046A34602F0FEFA85E7304603B023
:108F3800BDE8F08FF8B50E4611460746154602F013
:108F480061FB0446E0B12846FFF7C8FEA742054684
:108F580007D214F8013C202B02BF013504F1FF347D
:108F6800ADB22046FFF7BAFE3388421C61195B1B7D
:108F78002046521B338092B2BDE8F84002F0D3BAC3
:108F8800F8BD2DE9F0410F4686B01646044678B183
:108F9800034601AC00F110051868083353F8041CA7
:108FA8002246AB4203C21446F6D1186801AC1060E1
:108FB8004FF0000841463246204608F10108F9F70B
:108FC8007FFA054628B129683846F7F75BF9002883
:108FD800F0D1284606B0BDE8F0812DE9F047DDF86C
:108FE80020801C460F46002316469DF824902360D7
:108FF80023680546BB421BD256F8230000F099FCB3
:109008002368824618B1013328462360F0E74246B8
:1090180056F823102846FFF7B4FF48B123685A1CB6
:109028002260B9F1000FE3D08045E1D155462360B5
:109038002846BDE8F08770B50546FFF74FFE0446A1
:1090480028B12B460026621E591B8A4200DC70BDDF
:1090580013F8012B202A02D0093A042AF3D8591B05
:1090680089B28AB29442EED96A5C202A02D0093ABF
:10907800042A03D801360131B6B2F2E7002EE2D055
:109088008AB218462944A21AA41B0132A4B202F0DB
:109098004AFA0346D6E7F8B58468064694F85C3081
:1090A8002BB9B368B3F85420A3F85620F8BD04F1DF
:1090B8005C00B4F85430C21812F8012C202A1BD0D6
:1090C800093A042A18D90022C25413461D4601330E
:1090D800425D9BB24119202AF8D0093A042AF5D9F1
:1090E800002DDED0B4F854707A1C7F1B521B02F09E
:1090F8001AFAA4F85470D4E7013B9BB2A4F8543090
:10910800002BD6D184F85C30CBE70A460123002136
:10911800FFF7EABD00231A46FFF7E6BD0223002247
:10912800FFF7E2BD10B50446FDF788FA20B92046DE
:10913800BDE81040FDF7A6BA10BD2DE9F74F05466A
:1091480001A8FDF771FA019C04EB40180DBB00243F
:10915800204603B0BDE8F08F266876B13046F7F7B1
:10916800A3F807462846F7F79FF8874205D1314606
:109178002846F7F787F80028EAD0E3693BB11B686F
:109188002BB1D3F800909A4600264E4504D12034DE
:109198000194A045E0D8DAE75AF804BF5846F7F733
:1091A80083F807462846F7F77FF8874205D15946DE
:1091B8002846F7F767F80028CAD00136E5E70EB465
:1091C80003B503AA52F8041B0192F9F765F902B036
:1091D8005DF804EB03B0704710B50446F7F764F880
:1091E800B4F8543013FA80F038B1638FB0FBF3F25F
:1091F80003FB1200B0FA80F0400910BD38B584684E
:10920800D4F87C522046F7F74FF8B4F85630C5F337
:10921800400580B205FB0300638FB0FBF3F203FB4C
:109228001200B0FA80F0400938BD10B50446FFF7C7
:10923800E5FF18B9A068FFF7CFFF20B16069BDE866
:109248001040F9F7ABB910BDF8B584680546B4F815
:10925800542004F13000B4F85610FFF7A6FDA868B2
:10926800A78EE68EFFF7B8FF10B16869F9F796F98F
:10927800B74207D1218E2846638EC91ABDE8F84047
:10928800F9F7A8B9E18E2846A38EC91AF9F78CF91F
:10929800F0E7F8B5044680680D46B0F8561030304F
:1092A800828C0D44FFF781FDA068ADB2B0F856106E
:1092B80030302A46FFF76EFD0746A0682A46B0F808
:1092C80056103030FFF757FD064679422046F9F729
:1092D8006BF931462046F9F77DF9A368A3F8565093
:1092E800F8BD2DE9F0410C1E064633DA64424FF012
:1092F800FF3524B2A4B2AFB213E0B3680022B3F8CA
:1093080056C003F15C0EB3F85480614669B96B1C12
:1093180022D1013CA1EB0C013046A4B209B2FFF7FF
:10932800B8FF002CE9D1BDE8F081884501D1012DB5
:10933800EFD01EF8013023F020004138192807D952
:10934800303B092B04D9002AE3D1394489B2DDE73F
:109358000122FAE70125CDE7B8F1000FE9D1D8E7F6
:109368008368B3F85610494209B2FFF792BF836881
:10937800B3F85410B3F85630C91A09B2FFF789BFC9
:109388008368B3F856301BB14FF0FF31FFF781BF48
:1093980070478368B3F85620B3F854309A4202D223
:1093A8000121FFF776BF70478268B2F85610A2F81D
:1093B80054108368B3F856201344002283F85C20C5
:1093C800F9F7E0B810B504468068B0F8542030309A
:1093D800C18CFFF7EAFCA3682046198EC1F1010190
:1093E800F9F7F8F8A3682046998E0139F9F7DCF8FF
:1093F8002046BDE81040F9F7C5B82DE9FF410546FC
:109408000F4614460026A4B904B0BDE8F081D3F88D
:1094180080229205FBD503F52073BFF35B8F53E8D9
:10942800001F21F4007143E80012002AF7D1BFF3AE
:109438005B8F68682246B9190368D3F80C8003ABC0
:10944800C047039A1644A41A002ADCD1AB68197DD8
:109458000329EED00229DAD84FF0FF304FF0FF3160
:10946800CDE90001082103F5217002F04BF8A86846
:1094780000F52170082102F041F8DAE7FFF7BDBFD7
:10948800F7B51E46836815460446D3F87C22D206F3
:1094980013D593F83E208A420FD0DB8FADF8043005
:1094A800F9F7EAF8324629466069F8F7F5FF01A9A5
:1094B8002046F9F701F903B0F0BD32462946606944
:1094C80003B0BDE8F040F8F7E7BF0CB407B504AB4C
:1094D80053F8042B0193FFF7D3FF03B05DF804EBB7
:1094E80002B070472DE9F041876805468846144662
:1094F800B7F85460B318FF2B26DCB7F85630F61AC5
:109508005C33B6B21F4432463946381902F00BF8BC
:1095180022464146384601F0F8FFAA68B2F85430AE
:109528002344A2F85430AB68B3F854201344002203
:1095380083F85C20AB68D3F87C12890706D4B3F8AB
:1095480056201444A3F85640BDE8F0813146284619
:10955800BDE8F041F9F732B9FFF7C4BF38B50546A1
:109568008068B0F85620B0F85440A41AA4B29CB150
:109578005C3210442246411C01F0D5FFAA68611EE6
:109588002846B2F8543089B2013BA2F8543001227F
:10959800BDE83840F9F712B938BD10B583680446FC
:1095A800B3F854205AB1B3F8563043B14FF0FF31F5
:1095B800FFF76FFE2046BDE81040FFF7CFBF10BD94
:1095C80070B5002392B005464FF47A740193686829
:1095D800402202A903681E6901ABB047019B13B181
:1095E80008B9013CF3D112B070BD78B10378C42B2F
:1095F8000BD143780B2B08D18378D22B05D1C078B7
:10960800A0F18603584258417047002070470EB4B5
:1096180003B503AA52F8041B0192F8F73DFF02B004
:109628005DF804EB03B070472DE9F843054688461A
:109638001746002418F80430202B21D0093B042BAE
:109648001ED9404608EB0409F6F72EFEAB6880B237
:10965800598F001BCB1B984214D94846002610F896
:10966800012B202A06D0A2F1090CBCF1040F02D864
:109678000A2A2DD03346BA19914228D90136EEE785
:109688000134D7E74B460026B04208D168694946FD
:10969800FFF7BDFF6869BDE8F843F9F74FB913F85C
:1096A800012B0A2A11D101346869FFF7EDFA324615
:1096B800344449462846FFF7A0FE6869F9F73EF9A1
:1096C80039462846F8F786FFBBE70136DCE71E4631
:1096D80068693444FFF7D8FA324649462846FFF706
:1096E8008CFE18F80430202B02D0093B042BE4D858
:1096F8000134F6E70020704783690020186070473E
:109708000EB403B503AA52F8041B0192F8F7C4FE7D
:1097180002B05DF804EB03B0704708B50168FFF7C5
:1097280067FA002008BD8368BFF35B8F03F51F73DA
:1097380053E8001F41F0020143E80012002AF7D164
:109748000020BFF35B8F70478368BFF35B8F03F51F
:109758001F7353E8001F21F0080143E80012002A94
:10976800F7D10020BFF35B8F70478368BFF35B8F2F
:1097780003F51F7353E8001F21F0100143E800129E
:10978800002AF7D10020BFF35B8F70478368BFF3CF
:109798005B8F03F51F7353E8001F21F0200143E896
:1097A8000012002AF7D10020BFF35B8F704783684F
:1097B800BFF35B8F03F51F7353E8001F21F002010D
:1097C80043E80012002AF7D10020BFF35B8F7047EF
:1097D8008368BFF35B8F03F51F7353E8001F41F0E5
:1097E800080143E80012002AF7D10020BFF35B8F7D
:1097F80070478368BFF35B8F03F51F7353E8001F3F
:1098080041F0100143E80012002AF7D10020BFF30D
:109818005B8F70478368BFF35B8F03F51F7353E853
:10982800001F41F0200143E80012002AF7D1002070
:10983800BFF35B8F70470023C360704770B5154650
:109848001E46C468F1B13CB9034653F8044F9C4224
:1098580009D10020308070BD8368A34202D1002363
:10986800C360F6E72468C460002CF2D0228904F1B2
:109878000A01284601F049FE23890022012033808D
:10988800EA54E8E7002CE4D043689C42E7D06468D7
:10989800E9E72DE9F8430023044688461646C360E5
:1098A80022B3071D4068874200D0B8B906F10A09FB
:1098B8000022002349462068FDF756F80546B8B946
:1098C80063689F4212D0A168D1E9003213605A60E0
:1098D800C1E90000206801F08EFBE9E703899342A3
:1098E800E4D10A3001F040FE0028DFD1BDE8F8835A
:1098F8000681324641460A3001F007FE6368C5E931
:1099080000375D606560F1E770B50446061D002507
:109918006368B34202D10023E36070BDA168D1E956
:10992800003213605A60C1E90055206801F063FBFA
:10993800EEE710B5044628B1F6F7B6FC002380B26E
:10994800984201D8002010BDE25C3F2A03D02A2AA1
:1099580001D00133F4E70120F5E710B5044680682B
:109968004FF48072002100F5AE7001F0F5FDA0689B
:10997800B0F8542000F15C0100F5AE7001F0C5FDAF
:10998800A06800F5AE70FFF756FBA46804F5AE704A
:10999800F6F78AFC0130A4F8580010BD10B504464B
:1099A8008068B0F8582000F5AE715C3001F0ADFD6C
:1099B800A368B3F85820A3F8542010BD2DE9F74F39
:1099C800DDF830B01F4681460E4643EA0B031446C5
:1099D8000B4304D56FF0150003B0BDE8F08F0D9B65
:1099E800002BF7D00E9B002BF4D011EB0B03F1D416
:1099F8001BEB0702EED4A04207D1B94201D10020E7
:109A0800EAE7914201DA9F42E4DB484601F091FA25
:109A180010B96FF01200DFE7204601F08AFA00283B
:109A2800F7D0A3682046DB6898470E9BD0F80080E3
:109A38004345CFD3B3FBF8F508FB1535002DC9D145
:109A4800DA46AB45DBD9C24508D2A3682046DB68B5
:109A58009847424641790D9801F07EFDC24553462C
:109A68000E9A38BF4346934228BF1346D9F80820B8
:109A7800711948460193126894460D9AE0470028E8
:109A8800AADBA268E919204653680D9A9C46019BF7
:109A9800E0470028A0DB019B1D44AAEB030AD0E79E
:109AA80001F05ABD01F031BD01460068F9F74EBA20
:109AB80008B5F9F77BFABDE80840F9F74DBD002174
:109AC8000120F9F743BA6FF08500704761B662B6B6
:109AD80080F31188BFF36F8F704772B6002383F34A
:109AE8001188BFF36F8FBFF34F8F30BF62B6BFF3DC
:109AF8006F8F7047704708B5D1E904319847002047
:109B080008BD0B0704D5A0F14103192B98BF2030DD
:109B1800704707B51346402200920A46F9F708FE37
:109B280003B05DF804FB5F2817D800F01F0201237B
:109B38001F2803FA02F34FF0B04206D8D2F8882063
:109B480093430CBF0120002070473F2802D8D2F869
:109B58009820F5E7D2F8A820F2E70020704700F037
:109B68001F0201235F2803FA02F30FD81F284FF0C2
:109B7800B04203D8C2F88830002070473F2802D886
:109B8800C2F89830F8E7C2F8A830F5E76FF015008A
:109B9800704708B5062201210020FAF769F800226B
:109BA80006201146F9F75AFC012107220846FAF760
:109BB8005FF8002207201146F9F750FC082201211E
:109BC8000220FAF755F8002208201146F9F746FC5A
:109BD800092201210320FAF74BF800220920114637
:109BE800F9F73CFC0A2201210420FAF741F8002287
:109BF8000A201146F9F732FC052117220846FAF720
:109C080037F8002217201146F9F728FC28220621E8
:109C18000A20FAF72DF8002228201146F9F71EFC31
:109C2800002008BD01F01F010120884070474FF057
:109C3800B042D2F8803023EA0003C2F8803070477F
:109C4800032925D8DFE801F0020D121C4FF0B043BC
:109C58001A6822EA00021A605A6822EA00025A6068
:109C680070474FF0B0431A680243F4E74FF0B0432F
:109C78005A6802435A601A6822EA00021A6070475A
:109C88004FF0B0431A6802431A605A68104358608C
:109C9800704700F003020F2304329200934043EA16
:109CA800900000F00303020C92FAA2F29B0003F169
:109CB800B04303F5806310B59C6824EA10400AB1EC
:109CC800B2FA82F291400143996010BD0B8882B0CC
:109CD800C3F30B0303F62C72C2F30B02202A14D829
:109CE80003F1B043486803F511331A6802430020B2
:109CF8001A600B88C3F30B0303F1B04303F5113368
:109D08001B680193019B02B070476FF08500FAE76A
:109D18000B88C3F30B0303F62C72C2F30B02202A41
:109D28000AD803F1B0434968002003F511331A68D3
:109D380022EA01021A6070476FF08500704770B51B
:109D480008884A68C0F30B0094B2C2F30445FAF7D6
:109D580063F9A0B9FF2A11D0C2F34156012304F1D7
:109D6800B041120E013601F51131AA40B3400C681A
:109D7800013BAB4024EA030313430B6070BD6FF053
:109D88008500FBE70888C0F30B0008B500F62C73C4
:109D9800C3F30B03202B0AD800F1B0404B6800F541
:109DA8001130026893430CBF0220012008BDFAF766
:109DB80033F900280CBF02200120F7E700290346E9
:109DC80014BF0120002007D01A0A0A70C3F34212F8
:109DD80003F01F034A708B70704710B50C46194684
:109DE8000D2A68D8DFE802F00914071920252D325A
:109DF8003740454A5760002010BDC3780E2B5DD907
:109E0800A36B13F4007F14BF00206FF08500F3E705
:109E1800C378122B52D9A36CF3E72368D8034DD526
:109E2800A089FFF7CBFFE7E723685A0246D5608988
:109E3800F7E7C378102B41D9206C030E3ED0000CF5
:109E4800EFE72368DB0239D5E089EAE7236898025F
:109E580034D52089E5E7C378102B2FD9206C10F46E
:109E68007F4F2BD080B2DCE72369DA0726D5E08A5A
:109E7800D7E72369DB0621D5608BD2E7C378132B9C
:109E88001CD9E36C03F47F43B3F57F4F14BF002064
:109E98006FF08500B0E7C378132B0FD9E36C03F498
:109EA8007F03B3F57F0FF1E7C378132B06D994F836
:109EB8004F30FF2BEAE76FF015009DE76FF0850044
:109EC8009AE74B1EC9074FEA530300EB8300C369A7
:109ED80058BF1B0CC3F3072113F0FF031DBF00205D
:109EE800117053706FF015007047C3780E2B21D98D
:109EF800896BCB0CC1F3C05003F00E030343080B6E
:109F080000F0F0000343880800F47C500343C1F3D9
:109F1800402043EA8033C802090500F4782001F4A0
:109F28007001034300200B43116801F07F410B438C
:109F3800136070476FF085007047F7B51C461646EA
:109F4800002382680D4669462360A360536901AA0D
:109F58009847019B5A1E01921BB96FF0150003B078
:109F6800F0BD0098A26847682168676085B9B31A90
:109F7800D0F800C0634528BF63461A4403FB0711A5
:109F8800A260216002689A4206D808300090E0E793
:109F98006B1AB3FBF7F3EBE70020E0E71346002268
:109FA800FFF7CBBF10B484682468A44610BC604790
:109FB80010B484686468A44610BC604743680020F5
:109FC800DB68C1E90030704703696C330B6001231B
:109FD80013607047FCF7D6BC00225C2008B5114618
:109FE800F9F73CFA5C20BDE80840F9F729BA00699E
:109FF800FCF7A8B9F0B58FB004460F461546002106
:10A00800302202A81E4601F0A7FA5A23082141F27D
:10A0180088322046CDE900374FF4005303934FF4BC
:10A028008073CDE905134FF48063694607934FF0B9
:10A038008073CDE9093600F0AFFD18B16FF0040068
:10A048000FB0F0BD41F288322946204600F02CFEC0
:10A058000028F3D1C4F88000F2E738B58B620023FA
:10A0680004461546C0F8803000F0DBFD10B16FF0F3
:10A07800040038BD2946204600F07BFE0028F6D1B2
:10A088004FF0FF324FF0FF3304F15C00FCF7AEFCF9
:10A09800D4F88000EDE74FF0FF324FF0FF334C303B
:10A0A800FCF7A4BC002310B5C0F88030044600F0CB
:10A0B800B8FD50B94FF0FF324FF0FF3304F15C00A8
:10A0C800FCF794FCD4F8800010BD6FF00400FBE7A7
:10A0D80038B58B62002304461546C0F8803000F07E
:10A0E800A0FD10B16FF0040038BD2946204600F0ED
:10A0F80078FE0028F6D14FF0FF324FF0FF3304F11D
:10A108005C00FCF773FCD4F88000EDE7F0B50D1E99
:10A118008FB0064617461C4642DB40682A194FEAAC
:10A12800E5734FF00001C06843F10003904271EB02
:10A13800030335D38CB3302202A801F00DFA30693D
:10A148004FF480730195069390F8AF3013F0010F28
:10A158000CBF4FF400534FF44053039390F8AD30C5
:10A16800009390F87F30042B14BF4FF440634FF4F2
:10A17800806307934FF04073099390F8AE300593CE
:10A18800FFF789FF23463A4669463069FFF7A0FF83
:10A19800044630694C30FFF71DFF20460FB0F0BD74
:10A1A8006FF01504F9E770B58EB004460E461546F3
:10A1B8000021342201A801F0CFF94FF48073022E58
:10A1C8002A4606934FF080736946206909930CBFAD
:10A1D8003523052300930123FFF77AFF0EB070BDE6
:10A1E80013B5044601AA01212046FFF7DCFF18B980
:10A1F8009DF80430DB07F5D402B010BD6FF00403FE
:10A208005C304362FFF7E6BE5C30FFF7E3BE5C30CC
:10A21800FFF7E0BE5C30FFF7DDBE5C30FFF7DABE6B
:10A22800FFF7ECBF08B5006904300122114600F0C1
:10A2380009FF002008BD4FF0FF324FF0FF33043014
:10A24800FCF7D4BB7FB505460E46144601AAFFF7B6
:10A25800A5FE50B9013C01AA2846A119FFF79EFEA8
:10A26800B0FA80F0400904B070BD0020FBE70BB1E4
:10A27800CB0601D1FFF7E6BF002070472DE9F04378
:10A28800074689B00D4690461E460024A64214D9BA
:10A2980004F120094E4512D22022FF21684601F020
:10A2A8005BF9321B08EB0401684601F02EF96A4697
:10A2B80029463846FAF726FF50B900200AE024F06C
:10A2C80007042946384608EB0402FAF71BFF20B1B9
:10A2D8006FF0040009B0BDE8F08320354C46D5E79F
:10A2E800F8B51C4617460123054622460E46FFF7D9
:10A2F800BEFF30B344B32869FFF79DFF002128460D
:10A30800FAF7D2FED0B93A46234631462846FFF737
:10A31800B5FF074601212846FAF7C6FE002F214659
:10A3280008BF0746304618BF6FF00407FAF708FE63
:10A3380028690430FCF726FB3846F8BD6FF004079F
:10A34800E8E76FF01507F7E72746F5E743680020C9
:10A358005B681B690B60704743685B6858694240DB
:10A368000A40424000205A617047436800205B68F9
:10A37800996170474368090400205B6899617047D8
:10A38800436800205B685A6951405961704730B58D
:10A398000369986800B30024884219D108688CB909
:10A3A800DC689860A14200D1D860002008602AB11A
:10A3B8009A680A60DA68996002B9D96000200FE0EB
:10A3C8002846E9E72060D868814208BFDC60ECE7EE
:10A3D80005680446002DF3D1002AE9D16FF0150075
:10A3E80030BD12F4003CF8B505460C46134642D081
:10A3F800960739D550075CD55022D90636D542F490
:10A40800007203F4C061B1F5806F44D0B1F5C06F3C
:10A418003ED0B1F5007F41D013F440372E6912D0F9
:10A42800706820FA04F1C9075FBF0121A140014308
:10A438007160BCF1000F06D0180332D5696801239A
:10A448004968A3408B61002321462846FEF72DF971
:10A4580047B9736823FA04F2D20741BF0122A24028
:10A46800934373600020F8BD1022C6E79F06C8D545
:10A4780042F48062C5E7D60305D5D00605D4C2F3F9
:10A4880040129202BDE73022BBE74FF40072B8E7F2
:10A4980042F4C072C0E742F48072BDE742F0800225
:10A4A800BAE75903CFD501212846A140FFF762FF3B
:10A4B800C9E76FF08500D6E770B50B690E4605460B
:10A4C800996809B10C6801B970BD8A682A4002D040
:10A4D8004B68304698471CB1236821461C46F2E772
:10A4E8002346FAE738B505460C4680688968F5F7CB
:10A4F800C9FE48B922682B6811681868F5F7C2FECA
:10A5080010B968796379C01A38BD38B5CB68054683
:10A518000C4623B10431FFF7E5FF002806DDA369E7
:10A52800103423B995E8070084E8070038BD2146B0
:10A538002846FFF7D7FF0028F8DAF3E730B50368B5
:10A5480013600579046804EBC504A34202D36FF0D5
:10A55800010030BD5C7908338C42F1D10020F8E766
:10A568002DE9F84F044600EBC10700254FF001081C
:10A57800BC4202D10020BDE8F88FD4F800B01BF02F
:10A58800100F21D1656845F02005CBF34420F6F77C
:10A59800ADFA814610B3CBF343160BF01F0A2A46D7
:10A5A80053463146FEF781F80028E4DBBAF1110F73
:10A5B80008D1D9F8043029055A6808FA06F358BFB3
:10A5C8001B0493610834D3E70BF01F03102B03D04F
:10A5D800112BDAD16568D8E73025D6E76FF012007D
:10A5E800C9E74368C1F34B1001F01F011B68C0584D
:10A5F80001238B4003400020003B18BF0123137048
:10A60800704710B54368C1F34B1001F01F011A6879
:10A61800012384588B4023438350002010BD10B57C
:10A628004368C1F34B14012201F01F0118688A40E6
:10A63800235823EA02032350002010BD38B50446EE
:10A648000D46FFF7DEFF29462046FFF7E8FF00200A
:10A6580038BDB0F5805F07D0B0F1805F09D100291F
:10A668000CBF02200120704700290CBF04200320E2
:10A67800704700290CBF03200220704743681B68FD
:10A68800D869DA69C0F3C00002F0010240EA42006A
:10A69800DA699207DA6948BF40F004005107DA69BD
:10A6A80048BF40F02000D20504D54FF4807240F036
:10A6B80008001A62C10701D508221A62820701D56B
:10A6C80001221A62410701D502221A62820601D5C7
:10A6D80004221A62704743681A6852E8003F43F040
:10A6E800400342E800310029F7D1704743681A68EF
:10A6F80052E8003F23F0400342E800310029F7D137
:10A70800704743681A6852E8003F43F0200342E864
:10A7180000310029F7D1704743681A6852E8003FB2
:10A7280023F0200342E800310029F7D1704743683D
:10A738001B68D869C0F3401070470120704703694F
:10A74800C3E901127047026953680BB19168184751
:10A7580070470022252008B51146F8F77FFE25200E
:10A76800BDE80840F8F76CBE37B5034605680C46E7
:10A7780019B96FF0150003B030BD406819698368D6
:10A78800DB6893B101AA98470028F4DB2B6823F40F
:10A7980000432B60019B03EB5403B3FBF4F10F2937
:10A7A800E7D989B20020E960E5E76FF05700E2E7F2
:10A7B80043681B68D869C0F38010704743681B68FA
:10A7C800D86910F0800002D01868C0F38010704774
:10A7D80010B5026904460B46126812680A6042689E
:10A7E8001268126802F4C062B2F5806F33D0A2F525
:10A7F800C060424242411A7162681268526802F4AB
:10A808004052B2F5805F28D0B2F5405F27D0002AC9
:10A818000CBF012203225A7162681268106811681D
:10A8280000F0102001F4C061FFF713FF987162680F
:10A8380000201268926802F44072A2F540714A4200
:10A848004A41DA7161680968896811F4804F18BF54
:10A858000322DA7110BD0222CDE70022DBE70222D3
:10A86800D9E738B543680C461B681868196800F0C2
:10A87800102001F4C061FFF7ECFE04281AD0D86953
:10A8880010F0800015D0EFF31181102080F31288AA
:10A89800BFF36F8F0020151A002D06DDDD692D0628
:10A8A80003D5255C01309D62F5E781F31188BFF37C
:10A8B8006F8F38BD6FF08500FBE710B54368102037
:10A8C8001B68DA691206FCD5EFF3118280F312884F
:10A8D800BFF36F8FDC69240604D482F31188BFF3B9
:10A8E8006F8FEEE7996282F31188BFF36F8F10BD07
:10A8F80043681B68DA69910602D51A68920607D47C
:10A90800D86910F0400004D01868C0F38010704770
:10A918000120704738B543680C461B6818681968E9
:10A9280000F0102001F4C061FFF793FE04280FD057
:10A9380000200821151A002D0CDDDD69AD0609D5AA
:10A948005D6A25540130DD692D07F3D51962F1E7F9
:10A958006FF0850038BD43681B68DA69100701D5B8
:10A9680008221A62DA69920603D55B6A00200B7026
:10A9780070474FF0FF30704728B190F83D30022BF8
:10A9880003D080238366012070470268042380F87F
:10A998003D300020D36823F00103D36070474B6A31
:10A9A8002DE9F04F33B1B2F1406F03D08B6A0468E0
:10A9B800013B23618B690D6A002B6ED00468002D62
:10A9C80041D08B68E3614E69CC69B604D1F834A0F4
:10A9D800D1F82490D1F81080D1F820E0D1F818C02F
:10A9E8000F680568D1E90B3BCCB12343CC6813430E
:10A9F80043EA0B0343EA0A0343EA090343EA080369
:10AA080043EA0E0343EA0C033B43234333436B619E
:10AA1800B2F1406F15D003684A689A6111E043EAC1
:10AA28000B031A4342EA0A0242EA090242EA08020E
:10AA380042EA0E0242EA0C023A4332436A61036870
:10AA48009C61BDE8F08F4D69CE69AD04D1F80090E6
:10AA5800D1F824804F6BD1E90BEC7EB13343CE683B
:10AA6800134343EA090343EA080343EA0E0343EAAC
:10AA78000C033B4333432B436361C9E743EA0903B0
:10AA88001A4342EA080242EA0E0242EA0C023A4338
:10AA98002A43626103689E61D3E7A5B303688C68A3
:10AAA800DC614E69CD69B604D1F83490D1F82480C0
:10AAB800D1F810E0D1F820C08F690468D1E90B3AC9
:10AAC80085B12B43CD68134343EA0A0343EA0903DC
:10AAD80043EA080343EA0E0343EA0C033B432B43D0
:10AAE8003343C9E743EA0A031A4342EA090242EA3E
:10AAF800080242EA0E0242EA0C023A433243626119
:10AB080003689D619DE7CD694B6A75B12B43CD6A9A
:10AB1800046813432B430D6B2B434D6B2B43CD68BC
:10AB28002B434D6943EA8543A6E7002B89D0CE6ABB
:10AB3800046833431A430B6B1A434B6B1A434B6934
:10AB480042EA8342DBE72DE9F041DDF8188004464C
:10AB58000E4615461F46236898683040003818BFCF
:10AB68000120A84201D100200FE0B8F1FF3FF3D047
:10AB7800FDF793FDC01B404509D90423012084F843
:10AB88004130636C43F001036364BDE8F081B8F1C0
:10AB9800000FE0D1F1E770472DE9F34704468A46F4
:10ABA8009046FDF77AFD94F840300746012B36D0E1
:10ABB8000123022684F8403094F84130012B5FFAD3
:10ABC80083F92AD10022034620212046626484F8B2
:10ABD8004160CDF80080FFF7B6FF054638B1012582
:10ABE800002384F84030284602B0BDE8F0870246CA
:10ABF80051462046FFF7D3FEDAF8243053B93B46D6
:10AC08004A463146CDF80080FFF79DFF0028E6D17F
:10AC18002368DE6084F84190E2E73546E0E70225E4
:10AC2800E1E7F7B504460F46FDF737FD034694F80C
:10AC38004020012A36D00122002684F8402094F8CA
:10AC48004120012A2CD1022266642021204684F862
:10AC58004120A26C00923246FFF775FF0546E0B925
:10AC68007B6A13B923680322DA600022394620463A
:10AC7800FFF795FE7B6A4BB9226884F84030136869
:10AC880043F440331360284603B0F0BD012384F831
:10AC98004130002384F84030F5E784F84060F2E75B
:10ACA80084F840600225EEE72DE9F7430446904614
:10ACB8008946FDF7F2FC25680746AA6994F84030F2
:10ACC800012B54D0012384F8403094F84130012BF3
:10ACD800DEB24AD100236364B9F1000F40D02223C9
:10ACE80084F841302B690133A3632B69C4F8309091
:10ACF80001336363696921F0406141F080616961F2
:10AD080023689A61A36BB3B93B460122022120460E
:10AD1800CDF80080FFF717FF18B92368022206460E
:10AD2800DA60012384F84130002384F8403030464B
:10AD380003B0BDE8F0833B46012206212046CDF84A
:10AD48000080FFF700FF0028EBD195F82020236B47
:10AD58001A70236B01332363A36B013BA363D1E711
:10AD6800636C43F008036364DEE70226DCE702262F
:10AD7800DDE710B590F840200346012A2FD00122C4
:10AD880080F8402090F84120012AD0B24FF000020C
:10AD980023D15A64D1B1122083F84100186804699C
:10ADA8000134DC6204695962032101349C62C16088
:10ADB8001868416921F0406141611046196883F8BB
:10ADC80040200B6843F4E0230B6010BD5A6C42F03E
:10ADD80008025A6483F84010F7E783F840200220FD
:10ADE800F3E730B502680346956990F840000128FA
:10ADF80032D0012083F8400093F84140012CE0B2A2
:10AE08004FF0000426D15C64E9B1222083F84100A8
:10AE18001069013098631069196303210130586380
:10AE28002046D16019684A6922F0406242F0806287
:10AE38004A611A6895611A6883F84040136843F4B8
:10AE4800E023136030BD5A6C42F008025A6483F85C
:10AE58004010F7E783F840400220F3E708B50023E5
:10AE6800006C8363C36290F84130082B0DD10368EE
:10AE78000222DA600268136843F400331360026840
:10AE8800136843F00203136008BD012380F84130C2
:10AE9800FFF7B4F9F8E77047704790F84020034689
:10AEA800012A14D0012280F8402090F84120012A7C
:10AEB8000BD1C1610068026822F080021143016071
:10AEC8000020002283F8402070470220F9E7022082
:10AED800704738B5044650B1FBF7D2F94FF4F07318
:10AEE80005465C43FBF7CCF9431BA342FAD338BDB4
:10AEF80010B5436904463BB90020E26840425378E4
:10AF080043F00103537010BD98470028F4D000287F
:10AF1800E368B8BF4042FF28A8BFFF201870ECE7DD
:10AF2800C3685B78DB0701D4FFF7E2BF6FF07700F7
:10AF3800704740B1C368587810F001001EBF1878F8
:10AF4800B0FA80F040097047EFF31183102383F3C0
:10AF58001288BFF36F8FFEE708B5FFF7F5FF2DE9FD
:10AF6800F04F89B005460F46059206A8DDE912683C
:10AF78004346324600F011FADDE90634CDE90234E1
:10AF8800EFF311844FF0100989F31288BFF36F8F24
:10AF980005F10C0A05F1140B059A39462846149B4D
:10AFA800984730B184F31188BFF36F8F09B0BDE8BB
:10AFB800F08F56EA0806F5D006A8DDE9022300F06E
:10AFC80011FA524621465846DDE90668CDE900687F
:10AFD800FBF778FFEFF3118489F31288BFF36F8FC3
:10AFE800DAE710B400F10C04C0E903440024047546
:10AFF80010BCFDF72FBA38B50446EFF311851023BE
:10B0080083F31288BFF36F8FFDF784F904F10C0006
:10B0180000F0F5F830B1294604F11400BDE83840D5
:10B0280000F0D3B885F31188BFF36F8F38BD1024B3
:10B0380008B5EFF3118384F31288BFF36F8FFEF71F
:10B048004CFDF6E73AB18A4205D3C0E90212C0E9DD
:10B058000000002070476FF015007047EFF305807F
:10B06800003818BF012070477C307047002310B5A6
:10B078008B4202D10020136010BDC45CAA2CF9D108
:10B088000133F5E70A4608B5D0E92701FFF7EEFFD7
:10B09800002008BDD0E9003213605A600023C0E9DF
:10B0A8000033704708B5FFF7F5FF037C23F0020370
:10B0B80003740023836008BD38B504460D46FBF7CA
:10B0C80007FE237C43F002032374D5B1A5602B68E7
:10B0D8009D4209D16B68C4E900531C606C6010E0A4
:10B0E8006A689A42F6D01B68002BF3D093F90E10C9
:10B0F80094F90E209142F3DD5A68C4E900321460D5
:10B108005C6038BD10B5EFF31184102383F3128807
:10B11800BFF36F8FFBF79CFD84F31188BFF36F8F2C
:10B1280010BD10B5EFF31184102282F31288BFF31B
:10B138006F8F027CD10604D484F31188BFF36F8F1C
:10B1480010BD22F010020274FBF782FD2046BDE814
:10B158001040FBF7F5BD08B5037C014613F0280F36
:10B168000CD183680BB1FFF79DFF0B7C084623F0D9
:10B1780004030B74BDE80840FBF76ABD08BD10B5B1
:10B18800EFF31184102383F31288BFF36F8F1838FD
:10B19800FFF7E1FF84F31188BFF36F8F10BD08B587
:10B1A8000346EFF31181102282F31288BFF36F8FE9
:10B1B8000068834207D008B1FFF774FF81F3118854
:10B1C800BFF36F8F08BD0020F8E70846FBF7B8BD4E
:10B1D80038B5054604680020AC4200D138BD002CC3
:10B1E800FCD02046FFF75EFF04F1180000F09AF843
:10B1F8002046FBF72DFD2C680120A542EDE710B590
:10B20800EFF31184102383F31288BFF36F8FFFF7D6
:10B21800DFFF84F31188BFF36F8F10BD38B5054683
:10B228000C46FBF71DFFB4F1FF3F08BFB5F1FF3F28
:10B238000AD0C11709304FF00A024FF0000341F15C
:10B248000001F5F705F838BD4FF0FF30FBE738B5DA
:10B258000446EFF31185102383F31288BFF36F8F31
:10B26800037C5B070ED5183000F05CF8237C204681
:10B2780023F004032374FBF7EBFC2846BDE83840B1
:10B28800FBF75EBD85F31188BFF36F8F38BD2DE9DD
:10B29800F04706460F4691469A46EFF31188102369
:10B2A80083F31288BFF36F8F0068864206D028B1F7
:10B2B8007368984214BF0568002568B90024B9F17D
:10B2C800000F02D051462046C84788F31188BFF3C3
:10B2D8006F8F2046BDE8F0875146B84704460028DE
:10B2E800EDD135B17368AB4200D02C6828462546AD
:10B2F800E3E72C46FAE708B50246FCF771F870B1A7
:10B30800D0E904319B1A61EBE272B3F1004F72F19C
:10B31800000104DA002AACBF1846002008BD6FF00F
:10B328000040FBE7024638B5EFF31185102383F39D
:10B338001288BFF36F8F0368D3B1FCF751F8044646
:10B348001046FCF75FF800224FF000438442C0E942
:10B35800042305D0002085F31188BFF36F8F38BD13
:10B36800FCF746F8FFF7C7FF0021FAF7EDFEF1E713
:10B37800D0E90413B3F1004F08BF012904D100201C
:10B388004FF00041C2E904016FF01500E3E708B58A
:10B39800FCF740F908BDFCF73DB9B3F1FF3F08BF22
:10B3A800B2F1FF3F70B506461D46144614D01A4345
:10B3B80016D0002B08DBFCF72DF9041941EB050129
:10B3C8003046C6E9004170BD6FF001031C1B4FF009
:10B3D800FF3363EB0501F3E74FF0FF342146EFE756
:10B3E8000024FBE7B3F1FF3F08BFB2F1FF3FF8B518
:10B3F800074616461C4610D054EA020311D0FCF743
:10B4080009F9B0420A460346A1410AD2F31A64EB8D
:10B4180002043846C7E90034F8BD4FF0FF331C4634
:10B42800F7E70023FBE72DE9F347044615460E46E8
:10B43800DDE90A9859B302F0010AFBF74DFE074609
:10B44800EFF31181102383F31288BFF36F8FA807DE
:10B4580044BF0023A360A36803EA0600BAF1000F03
:10B468000CD086420CD16A0744BF8343A36081F3A2
:10B478001188BFF36F8F02B0BDE8F0870028F2D1C2
:10B4880059EA080305D181F31188BFF36F8F0020B3
:10B49800F1E7C7E91865224604F10C00CDE90098E8
:10B4A800FBF710FD0028F2D1386EE4E710B504462A
:10B4B8000B68D0E9180212F0010F03EA000301D06B
:10B4C800984210D17BB15207236604F1180042BF9D
:10B4D8004A681A434A60FFF725FF00232046C4F84C
:10B4E800B430FFF738FE002010BD0023C0E900008B
:10B4F8008360037370470A46FCF7D4B80A460021F4
:10B50800FCF7D0B85200FFF78EBF0A44914200F111
:10B51800FF3300D1704710B511F8014B03F8014F04
:10B528009142F9D110BD884210B501EB020402D94D
:10B538008442234607D8431EA14207D011F8012BA5
:10B5480003F8012FF8E70244824200D110BD13F836
:10B55800011D02F8011DF7E702440346934200D19A
:10B56800704703F8011BF9E710B50139024490420E
:10B5780001D1002005E0037811F8014FA34201D062
:10B58800181B10BD0130F2E7C9B20346184613F87C
:10B59800012B12B18A42F9D17047002918BF002047
:10B5A800704710B56AB10139841810F8012B11F8E9
:10B5B800013F9A4203D1A04201D0002AF5D1D01A06
:10B5C80010BD1046FCE710B50139034632B111F839
:10B5D800014F03F8014B013A002CF7D11A4400211E
:10B5E800934200D110BD03F8011BF9E710B50246DC
:10B5F80001448A42134603D01C780132002CF8D14A
:10B60800181A10BD0A7870B56AB970BD9A4209D186
:10B618000C46054614F8013F002BF6D015F8016FCB
:10B628009E42F7D001300378002BEFD11846ECE7A3
:10B63800F0B5C3F137070446FFB203F01F03104605
:10B64800082BE6B233D0102B3ED06508A40844EA94
:10B65800817445EAC1752D194FEA910242EB5102F6
:10B66800290941EA02716D1842EB1212290A41EACE
:10B6780002616D1842EB1222290C41EA02416D1851
:10B6880042EB1242AD1842F10002EC0844EA42745F
:10B69800D10804EB8402A6EB4205EDB2092D0CD9C2
:10B6A8000134A5F10A0541F10001EDB212E0E40808
:10B6B80044EA417406F00705C908303554EA010226
:10B6C80000F8015BBCD1F0BD240944EA017406F01E
:10B6D8000F050909092D84BFED19EDB2EDE7D1E990
:10B6E800043293421EBF5A1C0A611870704700004A
:08B6F800C84BFF7F01000000B8
:10B7000000000000B8B70008B90A000800000000F7
:10B710004D6900080000000000000000D8B70008D4
:10B720000000000058B900080000000038B9000807
:10B730000000000018B9000800000000F8B8000878
:10B7400000000000D8B8000800000000B8B80008E9
:10B750000000000098B800080000000078B8000859
:10B760000000000058B800080000000038B80008C9
:10B770000000000018B8000800000000F8B700083A
:10B780009B9B0008000000000000000078B9000842
:10B79000B16000080000000015370008000000003C
:10B7A00000000000B8B900080000000098B90008C7
:08B7B000F9160008000000007A
:10B7B8009DE100080000000024BD00086401002489
:10B7C800000000003D3E0008000000008CC5000895
:10B7D8005DED0008A0C9000814BD00086A01002436
:10B7E80000000000000000000000000094C90008EC
:10B7F80062CA0008A0BF0008F0BC00084C01002481
:10B8080074050024D50A00080000000094BF000851
:10B8180076CA0008C0BF0008F0BC00084E0100242A
:10B8280084050024D50A000800000000B4BF000801
:10B838008ACA0008E0BF0008F0BC000850010024D4
:10B8480094050024D50A000800000000D4BF0008B1
:10B858009ECA000800C00008F0BC0008520100247D
:10B86800A4050024D50A000800000000F4BF000861
:10B87800B2CA000820C00008F0BC00085401002427
:10B88800B4050024D50A00080000000014C0000810
:10B89800C6CA000840C00008F0BC000856010024D1
:10B8A800C4050024D50A00080000000034C00008C0
:10B8B800DACA000860C00008F0BC0008580100247B
:10B8C800D4050024D50A00080000000054C0000870
:10B8D800EECA000880C00008F0BC00085A01002425
:10B8E800E4050024D50A00080000000074C0000820
:10B8F80002CB0008A0C00008F0BC00085C010024CE
:10B90800F4050024D50A00080000000094C00008CF
:10B9180016CB0008C0C00008F0BC00085E01002477
:10B9280004060024D50A000800000000B4C000087E
:10B938002ACB0008E0C00008F0BC00086001002421
:10B9480014060024D50A000800000000D4C000082E
:10B958007AE10008000000000000000062010024F5
:10B96800000000004D3C00080000000080C50008F1
:10B9780073ED0008B0C9000840BD00086C01002440
:10B9880008010024C55D000800000000A4C90008E3
:10B99800ADE80008D0C60008C0BC00086601002455
:10B9A800440000241D4B000800000000C4C6000825
:10B9B800C9E8000800000000D8BC0008680100249D
:10B9C800F40000242DA20008000000006CC7000845
:10B9D80000000000C79A000800000000C79A00088D
:10B9E80000000000C79A000800000000C79A00087D
:10B9F80000000000C79A000800000000C79A00086D
:10BA080030EE0008913C00082EEE0008913C00083A
:10BA18002CEE0008913C00082AEE0008913C000832
:10BA280028EE0008913C000800000000C79A0008B2
:10BA380000000000C79A000800000000C79A00082C
:10BA480000000000C79A000800000000C79A00081C
:10BA580000000000C79A000800000000C79A00080C
:10BA680000000000C79A000800000000C79A0008FC
:10BA780000000000C79A000800000000C79A0008EC
:10BA880000000000C79A000826EE0008913C000854
:10BA980000000000C79A000800000000C79A0008CC
:10BAA80000000000C79A000800000000C79A0008BC
:10BAB80000000000C79A000800000000C79A0008AC
:10BAC80000000000C79A000800000000C79A00089C
:10BAD80000000000C79A000800000000C79A00088C
:10BAE80000000000C79A000800000000C79A00087C
:10BAF80000000000C79A000878B900084FA700089E
:10BB080000000000C79A000800000000C79A00085B
:10BB180024EE0008913C000800000000C79A0008C5
:10BB280000000000C79A000800000000C79A00083B
:10BB380000000000C79A000800000000C79A00082B
:10BB480000000000C79A000800000000C79A00081B
:10BB580000000000C79A000800000000C79A00080B
:10BB680000000000C79A000800000000C79A0008FB
:10BB780000000000C79A000800000000C79A0008EB
:10BB880000000000C79A000800000000C79A0008DB
:10BB980000000000C79A000800000000C79A0008CB
:10BBA80000000000C79A000800000000C79A0008BB
:10BBB80000000000C79A000800000000C79A0008AB
:10BBC80000000000C79A000800000000C79A00089B
:10BBD80000000000C79A000800000000C79A00088B
:10BBE80000000000C79A000800000000C79A00087B
:10BBF80000000000C79A000800000000C79A00086B
:10BC080000000000C79A000800000000C79A00085A
:10BC180000000000C79A000800000000C79A00084A
:10BC280000000000C79A000800000000C79A00083A
:10BC380000000000C79A000800000000C79A00082A
:10BC480000000000C79A000800000000C79A00081A
:10BC580000000000C79A000800000000C79A00080A
:10BC680000000000C79A000800000000C79A0008FA
:10BC780000000000C79A000800000000C79A0008EA
:10BC880000000000C79A000800000000C79A0008DA
:10BC980000000000C79A000800000000C79A0008CA
:10BCA80000000000C79A000800000000C79A0008BA
:08BCB80098B90008F79F00088D
:10BCC00015A10008354A0008254900081D4900084B
:10BCD000C59F0008D19F0008D54F0008E9A20008C1
:10BCE00069520008094F0008114F0008294F000849
:10BCF000EBA3000855A3000861A3000873A3000884
:10BD00007DA3000889A30008E952000897A3000852
:04BD1000000000002F
:10BD1400EBA500080BA6000827A6000845A6000806
:10BD2400D59C0008199D000800000000A93D0008EA
:0CBD34008D9D000800000000479D0008E5
:10BD40005FA90008C3A8000885A60008455F000891
:10BD5000D9A700086BA800081DA90008DFA60008E5
:10BD6000F5A60008C5A700080BA7000821A7000832
:10BD7000B9A7000837A700088D5B0008055C00081C
:0CBD8000F9A8000843A7000847A7000826
:10BD8C007DD400083C000024380600242C0000243C
:10BD9C000200000078C200083406002400000000F5
:0CBDAC0086D4000898010024482B0024D5
:10BDB80008C30008D0C1000870C1000824C20008E8
:10BDC80098C5000880C70008A4C20008E0C200089F
:10BDD8005CC100081CC30008CCC20008B8C2000837
:04BDE800F4C2000899
:10BDEC000000000000000000000000000000000047
:10BDFC00000000006BCB000872CB000800000000B4
:10BE0C00690B000800000000A1CB0008A7CB0008BC
:10BE1C0000000000850B000802000000A3CC000805
:10BE2C00AACC000864BE000800000000000000005E
:10BE3C002DCC000834CC000800000000810500085F
:10BE4C00010100008BCC000893CC0008000000001E
:10BE5C00C50B0008000000000000000000000000FE
:10BE6C000000000000000000000000007CCF000873
:10BE7C0081CF000800000000990E000802000000AD
:10BE8C0099CD00089ECD000800000000FD0B0008B5
:10BE9C00000000001BCF000822CF000800000000AB
:10BEAC00350E0008020000003FCE000846CE000808
:10BEBC0000000000050D000800000000B8CE0008CE
:10BECC00C0CE000800000000D10D000802000000E8
:10BEDC000000000000000000000000000000000056
:04BEEC000000000052
:10BEF000D1590008B9590008A1590008895900080A
:10BF00007159000859590008415900082959000879
:10BF100011590008F9580008E15800089D40000830
:0CBF2000FD0E00081D0F0008E959000884
:10BF3000FFFFFFFFFFFFFF7FFFC99A3B00000000EC
:10BF40006588635DDC46030060C79C22000000003A
:10BF5000F4000000020000001B5B4A00001B5B486D
:10BF600000001B5B324A00001B5B4A00001B5B6D3C
:10BF700000001B3700001B3800001B5B3F336C00C8
:10BF8000001B5B4800001B5B324A00001B370000AF
:10BF90001B38000098BF00080100000070CA0008AC
:10BFA000FFFF0000002802580A000000E000000027
:10BFB00000040000B8BF00080100000084CA0008A7
:10BFC000FFFF00000024025809000000E00000000C
:10BFD00000020000D8BF00080100000098CA000855
:10BFE000FFFF00000020025808000000E0000000F1
:10BFF00000010000F8BF000801000000ACCA000802
:10C00000FFFF0000001C025807000000E0000000D5
:10C010008000000018C0000801000000C0CA00082D
:10C02000FFFF00000018025806000000E0000000BA
:10C030004000000038C0000801000000D4CA000819
:10C04000FFFF00000014025805000000E00000009F
:10C050002000000058C0000801000000E8CA0008E5
:10C06000FFFF00000010025804000000E000000084
:10C070001000000078C0000801000000FCCA0008A1
:10C08000FFFF0000000C025803000000E000000069
:10C090000800000098C000080100000010CB000854
:10C0A000FFFF00000008025802000000E00000004E
:10C0B00004000000B8C000080100000024CB000804
:10C0C000FFFF00000004025801000000E000000033
:10C0D00002000000D8C000080100000038CB0008B2
:10C0E000FFFF00000000025800000000E000000018
:10C0F0000100000038B9000818B90008F8B80008B5
:10C10000D8B80008B8B8000898B8000878B800088F
:10C1100058B8000838B8000818B80008F8B7000880
:10C12000000000000000000000000000000000000F
:10C1300000000000000000000000000000000000FF
:10C1400000000000000000000000000000000000EF
:10C150000000000000000000000000003ECB0008CE
:10C1600045CB0008ECBD0008000000000000000006
:10C1700088D000085DD0000884C1000800000000DD
:10C180000000000088C1000899CD0008C4C1000863
:10C1900020BF0008A10F0008010100006DD00008B9
:10C1A00072D0000824BF00083D0F00080200000004
:10C1B000000000000000000000000000000000007F
:10C1C00000000000C40BD2868FD00008C0D0000849
:10C1D0007DD1000882D10008E4C100080000000001
:10C1E00000000000E8C10008E9DB000890D1000869
:10C1F000000000002911000800000000A0D1000884
:10C20000A4D1000800000000511200080000000046
:10C21000000000000000000000000000000000001E
:10C22000000000002BD3000832D3000838C20008F9
:10C2300095120008020200003CC20008F4D3000876
:10C24000F9D30008000000004D13000805020000AB
:10C2500031D4000836D40008000000003116000870
:10C2600002010000000000000000000000000000CB
:10C270000000000000000000212A00241E00000031
:10C28000859400088CBD00082400002429170008AC
:10C29000938700086F870008B3870008818700082C
:10C2A00000000000A3D7000855D7000800000000D8
:10C2B000ED2200080100000058D800085FD80008EF
:10C2C00000000000B52B00080100000089D800081C
:10C2D00090D8000830C30008552C00080101000068
:10C2E00035D900083DD9000800000000752B000872
:10C2F000010000004ED9000854D900085CC30008B2
:10C3000000000000000000007AD9000880D9000871
:10C3100000000000212C0008010000008ED9000858
:10C3200092D9000800000000FD96000800000000FF
:10C3300034C30008B5D90008BDD9000800000000CA
:10C34000DD2A0008010000000000000000000000DD
:10C3500000000000000000000000000060C30008B2
:10C3600001DA00080ADA0008000000001D2B0008AE
:10C370000100000027DA000836DA000800C40008CF
:10C380000000000000000000E6DA0008EDDA000816
:10C3900040C50008000000000000000004DB0008A9
:10C3A0000ADB000800C500080000000000000000D3
:10C3B00021DB000828DB0008C0C4000800000000E2
:10C3C0000000000037DB00083CDB000880C40008E8
:10C3D000D12B0008010100004FDB000855DB0008ED
:10C3E00040C4000800000000000000000000000041
:10C3F000000000000000000000000000000000003D
:10C4000004C4000867DB000871DB000800000000BE
:10C410005197000801000000A9DB0008B0DB00080C
:10C4200000000000D9970008010000000000000093
:10C4300000000000000000000000000000000000FC
:10C4400044C40008E7DB0008EDDB00080000000042
:10C4500001970008010000001BDC000820DC000838
:10C4600000000000092B000801000000000000008F
:10C4700000000000000000000000000000000000BC
:10C4800084C40008EBD700084CDC00080000000062
:10C49000B79700080100000090CC00088BDC000872
:10C4A000000000002F9700080100000000000000BD
:10C4B000000000000000000000000000000000007C
:10C4C000C4C40008EBD700089EDC00080000000090
:10C4D000652B00080100000090CC0008AEDC0008CD
:10C4E0000000000023970008010000000000000089
:10C4F000000000000000000000000000000000003C
:10C5000004C50008EBD70008BDDC000800000000EF
:10C51000959700080100000090CC0008D5DC0008C9
:10C52000000000001D98000801000000000000004D
:10C5300000000000000000000000000000000000FB
:10C5400044C50008EBD70008ECDC00080000000040
:10C55000739700080100000090CC000804DD00087B
:10C5600000000000FB970008010000000000000030
:10C5700000000000000000000000000000000000BB
:10C5800084C500080100000098E1000890C500087B
:10C5900001000000AAE1000874E600087AE600083D
:10C5A000ACC50008C140000802000000B0C500088A
:10C5B0008FE60008B8C600081CBF0008014100084B
:10C5C0000505000094E60008ACC600081CBF000882
:10C5D0005942000803010000A5CC0008A0C60008CD
:10C5E0001CBF00084D440008020200009AE6000843
:10C5F00094C600081CBF0008E147000804010000C1
:10C600009FE6000888C600081CBF000831430008E8
:10C610000411000031D400087CC600081CBF0008CB
:10C62000B946000803010000A5E6000870C600082E
:10C630001CBF0008E544000802010000AFE6000846
:10C6400064C600081CBF0008D940000800000000B4
:10C6500000000000000000000000000000000000DA
:10C6600000000000C40BD286BAE6000898CD00088E
:10C67000C40BD286D2E60008F5E60008C40BD286C9
:10C680000AE7000828E70008C40BD28644E7000840
:10C6900061E70008C40BD28689E700089BE7000821
:10C6A000C40BD286C6E70008E4E70008C40BD286B4
:10C6B00008E8000826E80008C40BD28647E800080E
:10C6C00072E80008C8C6000801000000BEE80008C3
:10C6D000D400000000400000E19F000800000400BA
:10C6E000005A620202000000ECC60008F4C600080E
:10C6F00001000000FCC6000806000000490B000015
:10C700008001000049030000800100000A0B0000C6
:10C71000800100002A0B0000800100004908000091
:10C7200080010000C90A0000800100000100000033
:10C7300000FF0000060000000000000000000000F4
:10C7400000000000000000000000000000010000E8
:10C7500000000000000000000000000000000000D9
:10C7600000000000000000000000000070C700088A
:10C770000100000074E600082000000000FF000037
:10C7800002EB000807EB000894C700080000000057
:10C790000000000098C7000815EB000880C80008DA
:10C7A00028BF0008F956000804010000A0D10008C5
:10C7B00074C8000828BF00081956000803000000CC
:10C7C000E9DB000868C8000828BF00088556000893
:10C7D000040000001AEB00085CC8000828BF00082D
:10C7E000D5550008030000006DEB000850C8000894
:10C7F000000000002D5A00080000000021EB000896
:10C8000044C8000828BF0008015B000803000000BE
:10C81000AAE6000838C8000828BF0008215400080C
:10C820000101000000000000000000000000000006
:10C830000000000000000000C40BD28627EB0008B7
:10C8400038EB0008C40BD28641EB000850EB00081F
:10C85000C40BD2865FEB000898CD0008C40BD286CB
:10C8600075EB000850EB0008C40BD28685EB00087E
:10C8700098EB0008C40BD286B3EB000850EB00081D
:10C88000C40BD286C6EB0008D9EB000838B9000803
:10C890001000000000000000E0290024000000005B
:10C8A000F0BE000818B900081000000000000000E9
:10C8B000DC29002400000000F4BE0008F8B80008DD
:10C8C0001000000000000000D82900240000000033
:10C8D000F8BE0008D8B800081000000000000000F2
:10C8E000D429002400000000FCBE0008B8B80008ED
:10C8F0001000000000000000D0290024000000000B
:10C9000000BF000898B800081000000000000000F8
:10C91000CC2900240000000004BF000878B80008FB
:10C920001000000000000000C829002400000000E2
:10C9300008BF000858B80008100000000000000000
:10C94000C4290024000000000CBF000838B800080B
:10C950001000000000000000C029002400000000BA
:10C9600010BF000818B80008100000000000000008
:10C97000BC2900240000000014BF0008F8B700081C
:10C980001000000000000000B82900240000000092
:10C9900018BF000898C90008010000006EED0008EB
:10C9A00000440258A8C900080100000083ED0008F7
:10C9B00000100140B8B70008D8B700080413000001
:10C9C000DCC90008010000000000000000000000B9
:10C9D00000000000E4C900085BA70008F0000000A8
:10C9E00010000000ECC9000801000000F4C90008B4
:10C9F00002000000C403000000020000E403000085
:10CA00000000000000B7000800B7000890B7000859
:10CA100098B70008B8B70008B8B7000896ED000846
:10CA200001000500C0ED0008020007009CED0008B1
:10CA300004000800A5ED000808000400AAED0008A5
:10CA400010000900B4ED000820000800BDED00084A
:10CA500040000A00C8ED0008800006000010000039
:10CA600000306770696F403538303232383030000E
:10CA70006770696F6B006770696F403538303232AC
:10CA8000343030006770696F6A006770696F4035D5
:10CA900038303232303030006770696F690067704B
:10CAA000696F403538303231633030006770696FFC
:10CAB00068006770696F4035383032313830300087
:10CAC0006770696F67006770696F40353830323161
:10CAD000343030006770696F66006770696F403589
:10CAE00038303231303030006770696F6500677000
:10CAF000696F403538303230633030006770696FAD
:10CB000064006770696F403538303230383030003B
:10CB10006770696F63006770696F40353830323015
:10CB2000343030006770696F62006770696F40353C
:10CB300038303230303030006770696F61006B65BB
:10CB4000726E656C004B65726E656C20636F6D6D07
:10CB5000616E6473006379636C65733A2025752098
:10CB60006877206379636C65730A006379636C6529
:10CB700073004B65726E656C206379636C65732E10
:10CB800000556E61626C6520746F20706172736510
:10CB900020696E7075742028657272202564290AD8
:10CBA00000736C656570006D7300557074696D6518
:10CBB0003A20256C6C75206D730A002D70002D2DA8
:10CBC00070726574747900556E737570706F7274DD
:10CBD0006564206F7074696F6E3A2025730A007562
:10CBE0007074696D653A20256C6C75206461797389
:10CBF0002C20256C6C7520686F7572732C20256C49
:10CC00006C75206D696E757465732C20256C6C7560
:10CC1000207365636F6E64732C20256C6C75206DBA
:10CC2000696C6C697365636F6E64730A0075707408
:10CC3000696D65004B65726E656C20757074696D09
:10CC4000652E2043616E2062652063616C6C6564B3
:10CC5000207769746820746865202D70206F7220B9
:10CC60002D2D707265747479206F7074696F6E7396
:10CC700000342E342E3939005A6570687972207666
:10CC8000657273696F6E2025730A00766572736929
:10CC90006F6E004B65726E656C2076657273696F9E
:10CCA0006E2E00746872656164004B65726E656C0F
:10CCB00020746872656164732E00536368656475DF
:10CCC0006C65723A2025752073696E6365206C610E
:10CCD00073742063616C6C0A0054687265616473DC
:10CCE0003A0A004E41002573257020252D313073FE
:10CCF0000A00096F7074696F6E733A203078257876
:10CD00002C207072696F726974793A2025642074DE
:10CD1000696D656F75743A20256C6C640A0009733F
:10CD2000746174653A2025732C20656E7472793AAB
:10CD30002025700A00556E61626C6520746F206456
:10CD4000657465726D696E6520756E7573656420B6
:10CD5000737461636B2073697A6520282564290ADE
:10CD60000A0009737461636B2073697A6520257A00
:10CD7000752C20756E7573656420257A752C207569
:10CD80007361676520257A75202F20257A75202804
:10CD90002575202525290A0A006C697374004C69E1
:10CDA0007374206B65726E656C2074687265616463
:10CDB000732E0025702049525120253032642025E1
:10CDC00073287265616C2073697A652025347A75E1
:10CDD000293A09756E757365642025347A7509756D
:10CDE000736167652025347A75202F2025347A7584
:10CDF000202825327A75202525290A00257020252E
:10CE00002D33327320287265616C2073697A652036
:10CE100025347A75293A09756E7573656420253451
:10CE20007A750975736167652025347A75202F201E
:10CE300025347A752028253275202525290A007386
:10CE40007461636B73004C697374207468726561FC
:10CE5000647320737461636B2075736167652E0062
:10CE600054687265616420494420257020697320EC
:10CE70006E6F742076616C69640A004572726F721D
:10CE80003A5368656C6C20746872656164206361F4
:10CE90006E6E6F742062652073757370656E646565
:10CEA000640A00546872656164202570207375738C
:10CEB00070656E6465640A0073757370656E6400F6
:10CEC0006B65726E656C2074687265616420737541
:10CED0007370656E64203C7468726561645F696438
:10CEE0003E004572726F723A5368656C6C207468CC
:10CEF000726561642063616E6E6F7420626520727A
:10CF00006573756D65640A005468726561642025F7
:10CF10007020726573756D65640A00726573756D56
:10CF200065006B65726E656C207468726561642063
:10CF3000726573756D65203C7468726561645F69C4
:10CF4000643E004572726F723A5368656C6C20746F
:10CF500068726561642063616E6E6F742062652023
:10CF60006B696C6C65640A000A20546872656164C0
:10CF7000202570206B696C6C65640A006B696C6CB1
:10CF8000006B65726E656C20746872656164206BFD
:10CF9000696C6C203C7468726561645F69643E0012
:10CFA00044657669636520756E6B6E6F776E2028B9
:10CFB0002573290A00446576696365202573206915
:10CFC0007320616C726561647920696E697469614E
:10CFD0006C697A65640A0044657669636520257327
:10CFE00020696E697469616C697A6174696F6E2019
:10CFF0006661696C65642077697468206572723D4A
:10D0000025640A0044657669636520257320696E8E
:10D01000697469616C697A656420737563636573AB
:10D020007366756C6C790A00524541445900444955
:10D030005341424C454400646576696365733A0A1E
:10D04000005B25705D002D202573002020445420B6
:10D050006E6F6465206C6162656C733A004465763E
:10D0600069636520636F6D6D616E647300696E69DD
:10D0700074004D616E75616C6C7920696E697469BC
:10D08000616C697A65206120646576696365004C2E
:10D0900069737420636F6E66696775726564206476
:10D0A0006576696365732C207769746820616E20EA
:10D0B0006F7074696F6E616C2066696C7465720064
:10D0C0005B3C6465766963652066696C7465723E75
:10D0D0005D00496E76616C696420686F75720A0044
:10D0E000496E76616C6964206D696E7574650A00BD
:10D0F000496E76616C6964207365636F6E640A00C3
:10D10000496E76616C6964206D6F6E74680A0049BF
:10D110006E76616C6964206461790A004661696CAD
:10D12000656420746F2063616C63756C6174652045
:10D130007365636F6E64732073696E6365204570F9
:10D140006F63680A00436F756C64206E6F742073A0
:10D15000657420646174652025640A0025642D25AA
:10D160003032752D2530327520253032753A253014
:10D1700032753A25303275205554430A0064617483
:10D1800065004461746520636F6D6D616E6473004A
:10D190005B592D6D2D645D203C483A4D3A533E005D
:10D1A000676574005B6E6F6E655D005573696E67D1
:10D1B00020646174612077696474682025640A00C2
:10D1C000496E636F72726563742064617461207765
:10D1D000696474680A00526561642076616C7565E3
:10D1E000203078256C6C780A0057726974696E6714
:10D1F0002076616C7565203078256C6C780A006942
:10D200006E76616C696420616464722027257327DF
:10D210000A00696E76616C69642073697A652027FB
:10D220002573270A00696E76616C696420776964EA
:10D23000746820272573270A00613A733A773A0009
:10D24000272D61203C616464726573733E272069F9
:10D2500073206D616E6461746F72790A00272D739B
:10D26000203C73697A653E27206973206D616E6486
:10D2700061746F72790A00496E636F7272656374CC
:10D2800020646174612077696474683A2025750AA6
:10D29000006465766D656D206C6F616420737570D8
:10D2A000706F7274732073657474696E672062792D
:10D2B00070617373206F6E20612073696E676C6597
:10D2C00020696E7374616E63652E0A004C6F616431
:10D2D000696E672E2E2E0A707265737320637472E6
:10D2E0006C2D78206374726C2D7120746F206573BF
:10D2F000636170650A004E756D626572206F66200D
:10D30000627974657320726561643A2025640A004D
:10D310002D2D002D6500556E6B6E6F776E206F7032
:10D3200074696F6E20222573220A006465766D652C
:10D330006D00526561642F77726974652070687939
:10D34000736963616C206D656D6F72790A557361E5
:10D3500067653A0A52656164206D656D6F72792068
:10D3600061742061646472657373207769746820E6
:10D370006F7074696F6E616C2077696474683A0AC3
:10D380006465766D656D203C616464726573733E9F
:10D39000205B3C77696474683E5D0A577269746506
:10D3A000206D656D6F7279206174206164647265AF
:10D3B00073732077697468206D616E6461746F7235
:10D3C0007920776964746820616E642076616C7579
:10D3D000653A0A6465766D656D203C6164647265CA
:10D3E00073733E203C77696474683E203C76616CC0
:10D3F00075653E0064756D700055736167653A0A26
:10D400006465766D656D2064756D70202D61203CBE
:10D41000616464726573733E202D73203C73697A76
:10D42000653E205B2D77203C77696474683E5D0A19
:10D43000006C6F61640055736167653A0A646576D4
:10D440006D656D206C6F6164205B6F7074696F6EC9
:10D45000735D205B616464726573735D0A4F707401
:10D46000696F6E733A0A2D65096C6974746C652D69
:10D47000656E6469616E20706172736500756172BA
:10D48000743A7E2420007368656C6C5F75617274F9
:10D4900000537562636F6D6D616E64733A0A006E5E
:10D4A0006F74207465726D696E617465643A2025CD
:10D4B000630A00506C65617365207370656369660B
:10D4C00079206120737562636F6D6D616E642E0AE1
:10D4D000004572726F723A2072657175657374657A
:10D4E00064206D756C7469706C652066756E63740C
:10D4F000696F6E20657865637574696F6E730A0075
:10D500003A20636F6D6D616E64206E6F7420666F7C
:10D51000756E6400546F6F206D616E792061726763
:10D52000756D656E747320696E2074686520636F15
:10D530006D6D616E642E0A0025733A2077726F6EEE
:10D540006720706172616D6574657220636F756EBE
:10D55000740A005741524E494E473A20412070729A
:10D56000696E7420726571756573742077617320BC
:10D570006465746563746564206F6E206E6F7420DB
:10D58000616374697665207368656C6C20626163A1
:10D590006B656E642E0A000A2573257300506C6556
:10D5A00061736520707265737320746865203C54E4
:10D5B00061623E20627574746F6E20746F207365B3
:10D5C0006520616C6C20617661696C61626C6520BC
:10D5D000636F6D6D616E64732E0A00596F75206301
:10D5E000616E20616C736F207573652074686520AF
:10D5F0003C5461623E20627574746F6E20746F20BB
:10D6000070726F6D7074206F72206175746F2D630E
:10D610006F6D706C65746520616C6C20636F6D6DEF
:10D62000616E6473206F7220697473207375626316
:10D630006F6D6D616E64732E0A00596F75206361A2
:10D640006E2074727920746F2063616C6C20636F3C
:10D650006D6D616E64732077697468203C2D683E3F
:10D66000206F72203C2D2D68656C703E20706172B9
:10D67000616D6574657220666F72206D6F726520D2
:10D68000696E666F726D6174696F6E2E0A000A535F
:10D6900068656C6C20737570706F72747320666F40
:10D6A0006C6C6F77696E67206D6574612D6B657941
:10D6B000733A0A20204374726C202B202861206B5F
:10D6C00065792066726F6D3A206162636465666B8E
:10D6D0006C6E70747577290A2020416C7420202BA1
:10D6E000202861206B65792066726F6D3A20626632
:10D6F000290A506C656173652072656665722074D5
:10D700006F207368656C6C20646F63756D656E74F3
:10D710006174696F6E20666F72206D6F7265206430
:10D72000657461696C732E0A000A417661696C61E7
:10D73000626C6520636F6D6D616E64733A0A0025DB
:10D740003038583A20002530327820002020200040
:10D750007C007C0A005072696E74732074686520C6
:10D7600068656C70206D6573736167652E001B5B67
:10D7700025642563001B5B313B3325646D001B5B17
:10D7800034303325646D0055736167653A20257325
:10D7900020002573252D2A730025733A20002D685B
:10D7A000002D2D68656C70004C6F7374206C6F6772
:10D7B000733A20256C750A0041637469766520739D
:10D7C00068656C6C206261636B656E64733A0A0015
:10D7D00020202532642E203A257320282573290A1B
:10D7E000005B2533645D2025730A006F66660020A8
:10D7F000756E6B6E6F776E20706172616D657465AA
:10D80000723A200025733A257325730A0045636830
:10D810006F207374617475733A2025730A004E6F1C
:10D8200020726573706F6E73652066726F6D207401
:10D830006865207465726D696E616C2C206173730C
:10D84000756D656420383078323420736372656595
:10D850006E2073697A650A0072657476616C005097
:10D8600072696E742072657475726E2076616C7563
:10D8700065206F66206D6F737420726563656E74CA
:10D8800020636F6D6D616E6400726573697A650007
:10D89000436F6E736F6C6520676574732074657277
:10D8A0006D696E616C2073637265656E2073697A51
:10D8B00065206F7220617373756D65732064656692
:10D8C00061756C7420696E2063617365207468658E
:10D8D00020726561646F7574206661696C732E20B7
:10D8E0004974206D75737420626520657865637571
:10D8F0007465642061667465722065616368207474
:10D9000065726D696E616C20776964746820636804
:10D91000616E676520746F20656E73757265206334
:10D920006F727265637420746578742064697370B3
:10D930006C61792E00686973746F727900436F6D42
:10D940006D616E6420686973746F72792E007368FC
:10D95000656C6C0055736566756C2C206E6F742059
:10D96000556E69782D6C696B65207368656C6C20E9
:10D97000636F6D6D616E64732E00636C6561720020
:10D98000436C6561722073637265656E2E0072650B
:10D990006D0049676E6F7265206C696E65732062F9
:10D9A0006567696E6E696E67207769746820277293
:10D9B000656D20270064656661756C740041737342
:10D9C000756D6520383020636861727320736372EF
:10D9D00065656E20776964746820616E6420736584
:10D9E0006E6420746869732073657474696E67204F
:10D9F000746F20746865207465726D696E616C2E39
:10DA0000006261636B656E6473004C6973742061BE
:10DA10006374697665207368656C6C206261636B02
:10DA2000656E64732E0A006261636B737061636577
:10DA30005F6D6F646500546F67676C65206261633A
:10DA40006B7370616365206B6579206D6F64652E03
:10DA50000A536F6D65207465726D696E616C732019
:10DA6000617265206E6F742073656E64696E6720E5
:10DA700073657061726174652065736361706520A0
:10DA8000636F646520666F72206261636B7370619F
:10DA9000636520616E642064656C657465206275E1
:10DAA00074746F6E2E205468697320636F6D6D619E
:10DAB0006E6420666F72636573207368656C6C209A
:10DAC000746F20696E746572707265742064656C21
:10DAD000657465206B6579206173206261636B7387
:10DAE000706163652E00636F6C6F727300546F67B3
:10DAF000676C6520636F6C6F7265642073796E74F8
:10DB000061782E00767431303000546F67676C6531
:10DB100020767431303020636F6D6D616E64732ECA
:10DB20000070726F6D707400546F67676C65207061
:10DB3000726F6D70742E006563686F00546F676755
:10DB40006C65207368656C6C206563686F2E00736C
:10DB500074617473005368656C6C207374617469CC
:10DB600073746963732E006261636B7370616365C4
:10DB70000053657420646966666572656E7420651D
:10DB8000736361706520636F646520666F722062E5
:10DB900061636B737061636520616E642064656CA2
:10DBA000657465206B65792E0064656C657465002D
:10DBB000536574207468652073616D6520657363B7
:10DBC00061706520636F646520666F7220626163B7
:10DBD0006B737061636520616E642064656C65744D
:10DBE00065206B65792E00726573657400526573EC
:10DBF0006574207368656C6C2073746174697374E8
:10DC000069637320666F7220746865204C6F676764
:10DC10006572206D6F64756C652E0073686F770098
:10DC2000476574207368656C6C20737461746973E4
:10DC30007469637320666F7220746865204C6F6727
:10DC4000676572206D6F64756C652E004469736141
:10DC5000626C65207368656C6C206563686F2E204C
:10DC600045646974696E67206B65797320616E64C1
:10DC7000206D6574612D6B65797320617265206E0E
:10DC80006F742068616E646C656400456E61626CDF
:10DC900065207368656C6C206563686F2E0044694D
:10DCA0007361626C652070726F6D70742E00456ECA
:10DCB00061626C652070726F6D70742E00446973C0
:10DCC00061626C6520767431303020636F6D6D61F8
:10DCD0006E64732E00456E61626C6520767431301F
:10DCE0003020636F6D6D616E64732E0044697361E3
:10DCF000626C6520636F6C6F7265642073796E74FB
:10DD000061782E00456E61626C6520636F6C6F7286
:10DD100065642073796E7461782E00436F6D6D6158
:10DD20006E642062756666657220697320746F6F19
:10DD30002073686F727420746F20657870616E64F0
:10DD400020616C6C20636F6D6D616E6473206D611A
:10DD5000746368696E672077696C646361726420BC
:10DD60007061747465726E3A2025730A0072302FE8
:10DD700061313A2020307825303878202072312FD8
:10DD800061323A2020307825303878202072322FC6
:10DD900061333A20203078253038780A0072332FEA
:10DDA00061343A2020307825303878207231322F93
:10DDB00069703A2020307825303878207231342F3D
:10DDC0006C723A20203078253038780A002078703C
:10DDD00073723A20203078253038780A0046617511
:10DDE0006C74696E6720696E737472756374696FA1
:10DDF0006E206164647265737320287231352F70F0
:10DE000063293A203078253038780A00556E6861E9
:10DE10006E646C6564204952516E3A2025640A0094
:10DE20002A2A2A2A2A205553414745204641554C43
:10DE300054202A2A2A2A2A0A002020446976697353
:10DE4000696F6E206279207A65726F0A0020205512
:10DE50006E616C69676E6564206D656D6F727920A7
:10DE60006163636573730A0020204E6F20636F70D7
:10DE7000726F636573736F7220696E73747275630A
:10DE800074696F6E730A002020496C6C6567616C61
:10DE9000206C6F6164206F66204558435F52455483
:10DEA00055524E20696E746F2050430A002020495D
:10DEB0006C6C6567616C20757365206F6620746893
:10DEC0006520455053520A002020417474656D70DE
:10DED0007420746F206578656375746520756E6451
:10DEE0006566696E656420696E73747275637469C2
:10DEF0006F6E0A002A2A2A2A2A20425553204641B8
:10DF0000554C54202A2A2A2A2A0A002020537461B8
:10DF1000636B696E67206572726F720A002020550C
:10DF20006E737461636B696E67206572726F720ADB
:10DF300000202050726563697365206461746120FC
:10DF4000627573206572726F720A0020204246412A
:10DF50005220416464726573733A20307825780AE0
:10DF6000002020496D707265636973652064617477
:10DF70006120627573206572726F720A00202049F9
:10DF80006E737472756374696F6E20627573206549
:10DF900072726F720A002020466C6F6174696E673E
:10DFA0002D706F696E74206C617A7920737461745E
:10DFB0006520707265736572766174696F6E206535
:10DFC00072726F720A002A2A2A2A2A204D5055207E
:10DFD0004641554C54202A2A2A2A2A0A0020205336
:10DFE0007461636B696E67206572726F722028635B
:10DFF0006F6E746578742061726561206D69676801
:10E0000074206265206E6F742076616C6964290AE1
:10E01000002020446174612041636365737320565E
:10E02000696F6C6174696F6E0A0020204D4D464126
:10E030005220416464726573733A20307825780AFF
:10E04000002020496E737472756374696F6E20418D
:10E0500063636573732056696F6C6174696F6E0AD0
:10E0600000526573657276656420457863657074E7
:10E07000696F6E20280053707572696F757320691F
:10E080006E74657272757074202849525120005365
:10E090005053454C20696E20746872656164206D30
:10E0A0006F646520646F6573206E6F7420696E64A1
:10E0B0006963617465205053500A002A2A2A2A2A6B
:10E0C0002048415244204641554C54202A2A2A2AAD
:10E0D0002A0A002020427573206661756C74206FD7
:10E0E0006E20766563746F72207461626C65207255
:10E0F0006561640A00202044656275672065766565
:10E100006E740A0020204661756C7420657363612B
:10E110006C6174696F6E20287365652062656C6F31
:10E1200077290A00415243485F45584345505420DF
:10E130007769746820726561736F6E2025780A0AAA
:10E14000002A2A2A2A2A204465627567206D6F6E8C
:10E1500069746F7220657863657074696F6E202AC8
:10E160002A2A2A2A0A002A2A2A2A2A20257320252E
:10E170006429202A2A2A2A2A0A00696E7465727282
:10E180007570742D636F6E74726F6C6C6572403550
:10E190003830303030303000657874690072636335
:10E1A00040353830323434303000726363002573C8
:10E1B0003A756E6B6E6F776E20706172616D65740B
:10E1C00065723A2025730A00706172746974696F10
:10E1D0006E403000252D33327320252D31357320CC
:10E1E000307825303878202564204B69420A006D4C
:10E1F000697373696E6720706172616D65746572B1
:10E20000730A00666C6173685F636F707928290018
:10E210002573206661696C65643A2025640A0043B1
:10E220006F70696564202575206279746573206656
:10E23000726F6D2025733A257820746F2025733A0C
:10E2400025780A00476976656E20666C61736820E0
:10E2500064657669636520776173206E6F742066EC
:10E260006F756E640A0044656661756C7420666C37
:10E2700061736820647269766572206E6F742072B3
:10E2800065616479206F7220756E737570706F723E
:10E290007465640A004D697373696E672061646414
:10E2A000726573732E0A004D697373696E6720611E
:10E2B0007267756D656E740A00496E636F72726580
:10E2C000637420646576696365206E616D650A001C
:10E2D00055736167653A20666C6173682065726189
:10E2E0007365203C6465766963653E203C616464C7
:10E2F000726573733E205B73697A655D0A00436FD4
:10E30000756C64206E6F742064657465726D696EDF
:10E310006520706167652073697A652C20636F647E
:10E32000652025642E0A00496E76616C696420734D
:10E33000697A653A20300A0045726173652046614A
:10E34000696C65642C20636F64652025642E0A0067
:10E35000457261736520737563636573732E0A007C
:10E3600055736167653A20666C61736820777269DE
:10E370007465203C6465766963653E203C61646435
:10E38000726573733E203C646174613E2E2E2E0ACA
:10E39000004D697373696E67206461746120746FE6
:10E3A000206265207772697474656E2E0A00577258
:10E3B00069746520696E7465726E616C2045525295
:10E3C0004F52210A005772697465204F4B2E0A0084
:10E3D000566572696669636174696F6E2072656102
:10E3E00064204552524F52210A005665726966698F
:10E3F00065642E0A00566572696669636174696FA7
:10E400006E204552524F52210A00526561642045E8
:10E4100052524F52210A00436F756C64206E6F7424
:10E420002064657465726D696E6520706167652032
:10E4300073697A652C206572726F7220636F6465F0
:10E440002025642E0A005061676520666F72206186
:10E4500064647265737320307825783A0A73746146
:10E460007274206F66667365743A203078256C7814
:10E470000A73697A653A20257A750A696E64657847
:10E480003A2025640A00577269746520746F206110
:10E49000646472202578206F6E2064657620257074
:10E4A000204552524F52210A005772697474656EAA
:10E4B000206368756E6B2025640A005265616420D4
:10E4C000616C6C0A0053697A65206D757374206203
:10E4D0006520257A7520627974657320616C69679F
:10E4E0006E65640A0053697A65206F6620627566FE
:10E4F00066657220697320746F6F20736D616C6C38
:10E5000020746F20626520616C69676E6564207499
:10E510006F20257A752E0A004C6F61642062756643
:10E5200066657220776173206E6F7420616C696715
:10E530006E656420746F20257A752E0A0045666624
:10E54000656374697665206C6F61642062756666C8
:10E5500065722073697A6520776173207365742012
:10E5600066726F6D20256420746F2025640A005345
:10E57000656E6420256420627974657320746F2051
:10E58000636F6D706C65746520666C617368206C78
:10E590006F616420636F6D6D616E640A00666C610B
:10E5A0007368206C6F616420737570706F72747320
:10E5B0002073657474696E6720627970617373206B
:10E5C0006F6E20612073696E676C6520696E73746D
:10E5D000616E63652E0A004C6F6164696E672E2E52
:10E5E0002E0A003C73697A653E206D757374206253
:10E5F00065206174206D6F737420307825782E0A41
:10E60000004572617365204F4B2E0A005772697482
:10E6100065206661696C65642C20636F64652025E4
:10E62000640A00566572696669636174696F6E2079
:10E6300072656164206661696C65642C20636F6437
:10E64000653A2025640A005665726966696564202A
:10E650004F4B2E0A0045726173652D5772697465C0
:10E660002D566572696679207465737420646F6EC7
:10E67000652E0A00666C61736800466C61736820E1
:10E680007368656C6C20636F6D6D616E647300639D
:10E690006F707900657261736500746573740077DB
:10E6A0007269746500706167655F696E666F00709E
:10E6B0006172746974696F6E73004765742070616C
:10E6C00072746974696F6E73666F726D6174696F6D
:10E6D0006E0047657420696E666F726D6174696F54
:10E6E0006E2061626F7574206120666C61736820B2
:10E6F00070616765005B3C6465766963653E5D20BB
:10E700003C616464726573733E004C6F61642064A5
:10E7100061746120696E746F206120666C6173683A
:10E7200020646576696365005B3C64657669636552
:10E730003E5D203C616464726573733E203C736986
:10E740007A653E0057726974652064617461207453
:10E750006F206120666C617368206465766963650B
:10E76000003C6465766963653E203C616464726563
:10E7700073733E203C64776F72643E205B3C647729
:10E780006F72643E2E2E2E5D005465737420666C8D
:10E7900061736820646576696365005B3C646576D7
:10E7A0006963653E5D203C616464726573733E20FD
:10E7B0003C73697A653E203C7265706561742063C4
:10E7C0006F756E743E0052656164206461746120EF
:10E7D00066726F6D206120666C6173682064657677
:10E7E000696365005B3C6465766963653E5D203CFA
:10E7F000616464726573733E205B3C62797465206A
:10E80000636F756E743E5D00457261736520706163
:10E81000676573206F6E206120666C617368206489
:10E820006576696365003C6465766963653E203C96
:10E830007061676520616464726573733E205B3C40
:10E8400073697A653E5D00436F707920646174611D
:10E850002066726F6D206F6E6520666C6173682034
:10E8600064657669636520746F20616E6F74686596
:10E8700072003C7372635F6465766963653E203C39
:10E880006473745F6465766963653E203C7372638C
:10E890005F6F66667365743E203C6473745F6F6679
:10E8A000667365743E203C73697A653E00717370CF
:10E8B000692D6E6F722D666C6173684030006174F3
:10E8C000323566663136316100666C6173682D637E
:10E8D0006F6E74726F6C6C657240353230303230EE
:10E8E0003030005265736572766564004C696E6500
:10E8F000002020252D31327320252D387320252D21
:10E9000031367320252D33730A0050696E0044653B
:10E910007669636500206E6770696F733A202575AC
:10E920000A002052657365727665642070696E20F6
:10E930006D61736B3A203078253038580A0A002010
:10E940005265736572766564202050696E20204C94
:10E95000696E65204E616D650A002020202020250B
:10E960006320202020202532752020202025730AB6
:10E9700000756E6B6E6F776E206770696F20636FC6
:10E980006E74726F6C6C65723A2025730A00526562
:10E990007365727665642070696E0A004C696E65F5
:10E9A000206E616D6520616D626967756F75730AB0
:10E9B000004C696E65206E616D65206E6F74206617
:10E9C0006F756E643A20272573270A006572726F8F
:10E9D000723A2025640A00556E6B6E6F776E3A208E
:10E9E000272563270A006D757374206265206569A9
:10E9F0007468657220696E707574206F72206F750F
:10EA0000747075740A0063616E6E6F7420626520A5
:10EA100070756C6C20757020616E642070756C6C04
:10EA200020646F776E0A00616E20696E70757420C5
:10EA300063616E6E6F7420626520696E69746961CE
:10EA40006C6973656420746F2061206C6F67696303
:10EA5000206C6576656C0A0063616E6E6F74206968
:10EA60006E697469616C69736520746F206C6F677F
:10EA70006963203020616E64206C6F6769632031A8
:10EA80000A0076656E646F722073706563696669EB
:10EA90006320666C616773206D75737420626520F6
:10EAA00077697468696E20746865206D61736B2086
:10EAB0003078464630300A00257500252D313673F2
:10EAC000204F74686572206E616D65730A00252D94
:10EAD00031367300202020252D31327320252D382A
:10EAE0006320252D313673202532750A004869745C
:10EAF00020616E79206B657920746F206578697468
:10EB00000A006770696F004750494F20636F6D6D51
:10EB1000616E647300636F6E6600746F67676C6527
:10EB200000626C696E6B004750494F20496E666FFA
:10EB3000726D6174696F6E005B6465766963655DB3
:10EB400000426C696E6B204750494F2070696E001F
:10EB50003C6465766963653E203C70696E3E004C9E
:10EB600069737420616C6C204750494F206465764E
:10EB70006963657300546F67676C65204750494F40
:10EB80002070696E00536574204750494F207069AA
:10EB90006E2076616C7565003C6465766963653EE0
:10EBA000203C70696E3E203C6C6576656C20307C44
:10EBB000313E00476574204750494F2070696E20F0
:10EBC00076616C756500436F6E6669677572652066
:10EBD0004750494F2070696E003C646576696365F3
:10EBE0003E203C70696E3E203C636F6E66696775BF
:10EBF000726174696F6E203C697C6F3E5B757C64EA
:10EC00005D5B687C6C5D5B307C315D3E205B766576
:10EC10006E646F722073706563696669635D0A3C38
:10EC2000697C6F3E202D20696E7075747C6F7574E1
:10EC30007075740A5B757C645D202D2070756C6C3A
:10EC40002075707C70756C6C20646F776E2C206FF3
:10EC50007468657277697365206F70656E0A5B68AA
:10EC60007C6C5D202D20616374697665206869671E
:10EC7000687C616374697665206C6F772C206F7493
:10EC8000686572776973652064656661756C747315
:10EC900020746F2061637469766520686967680A0B
:10ECA0005B307C315D202D20696E697469616C690F
:10ECB000736520746F206C6F67696320307C6C6FA4
:10ECC00067696320312C206F74686572776973659A
:10ECD0002064656661756C747320746F206C6F6757
:10ECE000696320300A5B76656E646F7220737065AD
:10ECF00063696669635D202D20636F6E6669677561
:10ED0000726174696F6E20666C61677320776974D5
:10ED100068696E20746865206D61736B2030784679
:10ED20004630300A202020202020202020202020B3
:10ED3000202020202020202073656520696E636CD0
:10ED40007564652F7A65706879722F64742D6269B5
:10ED50006E64696E67732F6770696F2F00726573D9
:10ED600065742D636F6E74726F6C6C657200726384
:10ED7000746C0073657269616C40343030313130CD
:10ED80003030007573617274310069646C65006DB8
:10ED900061696E002B0064756D6D7900736C65653B
:10EDA00070696E6700646561640073757370656E89
:10EDB0006465640061626F7274696E670073757375
:10EDC00070656E64696E6700717565756564002AAB
:10EDD0002A2A20426F6F74696E67205A65706879BD
:10EDE00072204F53206275696C642076342E342E65
:10EDF000302D3532362D6763333038383335623253
:10EE0000393662202A2A2A0A00286E756C6C29007D
:10EE10002A666C6F61742A00202D20002020001BC0
:10EE20005B366E000A0605050401030102010101BB
:04EE300000010000DD
:10EE340061850008010000000100000000000000DE
:10EE4400000000000000000098CD00080100000050
:10EE54000100000000000000010000007001002417
:10EE64003000002430000024000000008CC20008A0
:10EE7400500200240050005200000000080000006E
:10EE8400000000000000000000000000000000007E
:10EE9400000000000000000000000000000000006E
:10EEA400000000000000000000000000000000005E
:10EEB400000000000000000000000000000000004E
:10EEC400000000000000000000000000000000003E
:10EED400000000000000000000000000000000002E
:10EEE400000000000000000000000000000000001E
:10EEF400000002000000000000000000000000000C
:10EF040000000000000000000000000000000000FD
:10EF140000000000000000000000000000000000ED
:10EF24003200000000200052000000000000000039
:10EF34000000000000000000140100240000000094
:10EF44000000000000E10000000103000090D00375
:10EF5400C80000002401002424010024FF00FF0055
:10EF6400FF00FF00FF00FF00FF00FF00FF00FF00A5
:0CEF7400FF00FF00FF00FF00FF00FF0097
:10EF80000000000000000000000000000000000081
:10EF90000000000000000000000000000000000071
:04EFA000000000006D
:10EFA40000000000483300240002000000000000BC
:08EFB400000000000000000055
:04EFBC0015E015E067
:04000005080033DDDF
:00000001FF
